Date,Price,Tckr,Rvn,Title,Freq,Units,Adjustment,LastUpdt,Popularity,Since,Notes
2005-01-06,5.03,MORTGAGE5US,0,NA,NA,NA,NA,NA,NA,NA,NA
2005-01-13,5.05,MORTGAGE5US,0.3976143141152997,NA,NA,NA,NA,NA,NA,NA,NA
2005-01-20,5.05,MORTGAGE5US,0,NA,NA,NA,NA,NA,NA,NA,NA
2005-01-27,5.02,MORTGAGE5US,-0.594059405940599,NA,NA,NA,NA,NA,NA,NA,NA
2005-02-03,5,MORTGAGE5US,-0.39840637450198363,NA,NA,NA,NA,NA,NA,NA,NA
2005-02-10,4.99,MORTGAGE5US,-0.19999999999999576,NA,NA,NA,NA,NA,NA,NA,NA
2005-02-17,5.05,MORTGAGE5US,1.2024048096192306,NA,NA,NA,NA,NA,NA,NA,NA
2005-02-24,5.05,MORTGAGE5US,0,NA,NA,NA,NA,NA,NA,NA,NA
2005-03-03,5.17,MORTGAGE5US,2.3762376237623783,NA,NA,NA,NA,NA,NA,NA,NA
2005-03-10,5.22,MORTGAGE5US,0.9671179883945807,NA,NA,NA,NA,NA,NA,NA,NA
2005-03-17,5.31,MORTGAGE5US,1.72413793103448,NA,NA,NA,NA,NA,NA,NA,NA
2005-03-24,5.35,MORTGAGE5US,0.7532956685499066,NA,NA,NA,NA,NA,NA,NA,NA
2005-03-31,5.43,MORTGAGE5US,1.4953271028037398,NA,NA,NA,NA,NA,NA,NA,NA
2005-04-07,5.33,MORTGAGE5US,-1.8416206261510064,NA,NA,NA,NA,NA,NA,NA,NA
2005-04-14,5.31,MORTGAGE5US,-0.3752345215759937,NA,NA,NA,NA,NA,NA,NA,NA
2005-04-21,5.22,MORTGAGE5US,-1.6949152542372856,NA,NA,NA,NA,NA,NA,NA,NA
2005-04-28,5.2,MORTGAGE5US,-0.38314176245209913,NA,NA,NA,NA,NA,NA,NA,NA
2005-05-05,5.16,MORTGAGE5US,-0.7692307692307698,NA,NA,NA,NA,NA,NA,NA,NA
2005-05-12,5.21,MORTGAGE5US,0.968992248062012,NA,NA,NA,NA,NA,NA,NA,NA
2005-05-19,5.07,MORTGAGE5US,-2.6871401151631416,NA,NA,NA,NA,NA,NA,NA,NA
2005-05-26,5.07,MORTGAGE5US,0,NA,NA,NA,NA,NA,NA,NA,NA
2005-06-02,5.1,MORTGAGE5US,0.5917159763313483,NA,NA,NA,NA,NA,NA,NA,NA
2005-06-09,5.01,MORTGAGE5US,-1.7647058823529385,NA,NA,NA,NA,NA,NA,NA,NA
2005-06-16,5.1,MORTGAGE5US,1.7964071856287396,NA,NA,NA,NA,NA,NA,NA,NA
2005-06-23,5.05,MORTGAGE5US,-0.9803921568627416,NA,NA,NA,NA,NA,NA,NA,NA
2005-06-30,5.06,MORTGAGE5US,0.1980198019801938,NA,NA,NA,NA,NA,NA,NA,NA
2005-07-07,5.19,MORTGAGE5US,2.569169960474324,NA,NA,NA,NA,NA,NA,NA,NA
2005-07-14,5.15,MORTGAGE5US,-0.7707129094412337,NA,NA,NA,NA,NA,NA,NA,NA
2005-07-21,5.26,MORTGAGE5US,2.135922330097076,NA,NA,NA,NA,NA,NA,NA,NA
2005-07-28,5.27,MORTGAGE5US,0.1901140684410606,NA,NA,NA,NA,NA,NA,NA,NA
2005-08-04,5.3,MORTGAGE5US,0.5692599620493406,NA,NA,NA,NA,NA,NA,NA,NA
2005-08-11,5.4,MORTGAGE5US,1.8867924528301987,NA,NA,NA,NA,NA,NA,NA,NA
2005-08-18,5.34,MORTGAGE5US,-1.1111111111111203,NA,NA,NA,NA,NA,NA,NA,NA
2005-08-25,5.3,MORTGAGE5US,-0.7490636704119857,NA,NA,NA,NA,NA,NA,NA,NA
2005-09-01,5.3,MORTGAGE5US,0,NA,NA,NA,NA,NA,NA,NA,NA
2005-09-08,5.24,MORTGAGE5US,-1.1320754716981059,NA,NA,NA,NA,NA,NA,NA,NA
2005-09-15,5.26,MORTGAGE5US,0.3816793893129689,NA,NA,NA,NA,NA,NA,NA,NA
2005-09-22,5.31,MORTGAGE5US,0.9505703422053199,NA,NA,NA,NA,NA,NA,NA,NA
2005-09-29,5.44,MORTGAGE5US,2.448210922787209,NA,NA,NA,NA,NA,NA,NA,NA
2005-10-06,5.48,MORTGAGE5US,0.7352941176470594,NA,NA,NA,NA,NA,NA,NA,NA
2005-10-13,5.57,MORTGAGE5US,1.6423357664233549,NA,NA,NA,NA,NA,NA,NA,NA
2005-10-20,5.59,MORTGAGE5US,0.3590664272890408,NA,NA,NA,NA,NA,NA,NA,NA
2005-10-27,5.63,MORTGAGE5US,0.7155635062611813,NA,NA,NA,NA,NA,NA,NA,NA
2005-11-03,5.76,MORTGAGE5US,2.3090586145648295,NA,NA,NA,NA,NA,NA,NA,NA
2005-11-10,5.81,MORTGAGE5US,0.8680555555555525,NA,NA,NA,NA,NA,NA,NA,NA
2005-11-17,5.86,MORTGAGE5US,0.8605851979346077,NA,NA,NA,NA,NA,NA,NA,NA
2005-11-23,5.75,MORTGAGE5US,-1.877133105802053,NA,NA,NA,NA,NA,NA,NA,NA
2005-12-01,5.76,MORTGAGE5US,0.17391304347825717,NA,NA,NA,NA,NA,NA,NA,NA
2005-12-08,5.78,MORTGAGE5US,0.34722222222223026,NA,NA,NA,NA,NA,NA,NA,NA
2005-12-15,5.77,MORTGAGE5US,-0.17301038062284904,NA,NA,NA,NA,NA,NA,NA,NA
2005-12-22,5.82,MORTGAGE5US,0.8665511265164769,NA,NA,NA,NA,NA,NA,NA,NA
2005-12-29,5.79,MORTGAGE5US,-0.5154639175257775,NA,NA,NA,NA,NA,NA,NA,NA
2006-01-05,5.78,MORTGAGE5US,-0.17271157167529858,NA,NA,NA,NA,NA,NA,NA,NA
2006-01-12,5.76,MORTGAGE5US,-0.3460207612456827,NA,NA,NA,NA,NA,NA,NA,NA
2006-01-19,5.75,MORTGAGE5US,-0.1736111111111074,NA,NA,NA,NA,NA,NA,NA,NA
2006-01-26,5.75,MORTGAGE5US,0,NA,NA,NA,NA,NA,NA,NA,NA
2006-02-02,5.87,MORTGAGE5US,2.086956521739132,NA,NA,NA,NA,NA,NA,NA,NA
2006-02-09,5.89,MORTGAGE5US,0.340715502555359,NA,NA,NA,NA,NA,NA,NA,NA
2006-02-16,5.95,MORTGAGE5US,1.018675721561978,NA,NA,NA,NA,NA,NA,NA,NA
2006-02-23,5.96,MORTGAGE5US,0.1680672268907527,NA,NA,NA,NA,NA,NA,NA,NA
2006-03-02,5.97,MORTGAGE5US,0.1677852348993253,NA,NA,NA,NA,NA,NA,NA,NA
2006-03-09,6.03,MORTGAGE5US,1.005025125628149,NA,NA,NA,NA,NA,NA,NA,NA
2006-03-16,5.93,MORTGAGE5US,-1.6583747927031596,NA,NA,NA,NA,NA,NA,NA,NA
2006-03-23,5.96,MORTGAGE5US,0.5059021922428373,NA,NA,NA,NA,NA,NA,NA,NA
2006-03-30,6.02,MORTGAGE5US,1.0067114093959666,NA,NA,NA,NA,NA,NA,NA,NA
2006-04-06,6.11,MORTGAGE5US,1.4950166112956937,NA,NA,NA,NA,NA,NA,NA,NA
2006-04-13,6.13,MORTGAGE5US,0.3273322422258522,NA,NA,NA,NA,NA,NA,NA,NA
2006-04-20,6.16,MORTGAGE5US,0.48939641109298937,NA,NA,NA,NA,NA,NA,NA,NA
2006-04-27,6.21,MORTGAGE5US,0.8116883116883088,NA,NA,NA,NA,NA,NA,NA,NA
2006-05-04,6.21,MORTGAGE5US,0,NA,NA,NA,NA,NA,NA,NA,NA
2006-05-11,6.22,MORTGAGE5US,0.1610305958132011,NA,NA,NA,NA,NA,NA,NA,NA
2006-05-18,6.23,MORTGAGE5US,0.16077170418007516,NA,NA,NA,NA,NA,NA,NA,NA
2006-05-25,6.21,MORTGAGE5US,-0.32102728731942953,NA,NA,NA,NA,NA,NA,NA,NA
2006-06-01,6.26,MORTGAGE5US,0.8051529790660197,NA,NA,NA,NA,NA,NA,NA,NA
2006-06-08,6.2,MORTGAGE5US,-0.9584664536741151,NA,NA,NA,NA,NA,NA,NA,NA
2006-06-15,6.23,MORTGAGE5US,0.4838709677419395,NA,NA,NA,NA,NA,NA,NA,NA
2006-06-22,6.32,MORTGAGE5US,1.4446227929373974,NA,NA,NA,NA,NA,NA,NA,NA
2006-06-29,6.39,MORTGAGE5US,1.1075949367088511,NA,NA,NA,NA,NA,NA,NA,NA
2006-07-06,6.39,MORTGAGE5US,0,NA,NA,NA,NA,NA,NA,NA,NA
2006-07-13,6.33,MORTGAGE5US,-0.9389671361502286,NA,NA,NA,NA,NA,NA,NA,NA
2006-07-20,6.36,MORTGAGE5US,0.4739336492891035,NA,NA,NA,NA,NA,NA,NA,NA
2006-07-27,6.35,MORTGAGE5US,-0.15723270440252635,NA,NA,NA,NA,NA,NA,NA,NA
2006-08-03,6.27,MORTGAGE5US,-1.2598425196850405,NA,NA,NA,NA,NA,NA,NA,NA
2006-08-10,6.21,MORTGAGE5US,-0.9569377990430561,NA,NA,NA,NA,NA,NA,NA,NA
2006-08-17,6.18,MORTGAGE5US,-0.4830917874396175,NA,NA,NA,NA,NA,NA,NA,NA
2006-08-24,6.14,MORTGAGE5US,-0.647249190938512,NA,NA,NA,NA,NA,NA,NA,NA
2006-08-31,6.11,MORTGAGE5US,-0.48859934853419157,NA,NA,NA,NA,NA,NA,NA,NA
2006-09-07,6.14,MORTGAGE5US,0.4909983633387784,NA,NA,NA,NA,NA,NA,NA,NA
2006-09-14,6.1,MORTGAGE5US,-0.6514657980456032,NA,NA,NA,NA,NA,NA,NA,NA
2006-09-21,6.08,MORTGAGE5US,-0.32786885245900943,NA,NA,NA,NA,NA,NA,NA,NA
2006-09-28,6,MORTGAGE5US,-1.3157894736842117,NA,NA,NA,NA,NA,NA,NA,NA
2006-10-05,6,MORTGAGE5US,0,NA,NA,NA,NA,NA,NA,NA,NA
2006-10-12,6.1,MORTGAGE5US,1.6666666666666607,NA,NA,NA,NA,NA,NA,NA,NA
2006-10-19,6.11,MORTGAGE5US,0.1639344262295193,NA,NA,NA,NA,NA,NA,NA,NA
2006-10-26,6.14,MORTGAGE5US,0.4909983633387784,NA,NA,NA,NA,NA,NA,NA,NA
2006-11-02,6.05,MORTGAGE5US,-1.4657980456026036,NA,NA,NA,NA,NA,NA,NA,NA
2006-11-09,6.08,MORTGAGE5US,0.49586776859504544,NA,NA,NA,NA,NA,NA,NA,NA
2006-11-16,6.04,MORTGAGE5US,-0.6578947368421059,NA,NA,NA,NA,NA,NA,NA,NA
2006-11-22,5.99,MORTGAGE5US,-0.827814569536421,NA,NA,NA,NA,NA,NA,NA,NA
2006-11-30,5.95,MORTGAGE5US,-0.6677796327212026,NA,NA,NA,NA,NA,NA,NA,NA
2006-12-07,5.92,MORTGAGE5US,-0.5042016806722731,NA,NA,NA,NA,NA,NA,NA,NA
2006-12-14,5.92,MORTGAGE5US,0,NA,NA,NA,NA,NA,NA,NA,NA
2006-12-21,5.96,MORTGAGE5US,0.6756756756756763,NA,NA,NA,NA,NA,NA,NA,NA
2006-12-28,5.98,MORTGAGE5US,0.33557046979866545,NA,NA,NA,NA,NA,NA,NA,NA
2007-01-04,6.02,MORTGAGE5US,0.6688963210702198,NA,NA,NA,NA,NA,NA,NA,NA
2007-01-11,6.03,MORTGAGE5US,0.16611295681064245,NA,NA,NA,NA,NA,NA,NA,NA
2007-01-18,6.04,MORTGAGE5US,0.16583747927031153,NA,NA,NA,NA,NA,NA,NA,NA
2007-01-25,6,MORTGAGE5US,-0.6622516556291397,NA,NA,NA,NA,NA,NA,NA,NA
2007-02-01,6.04,MORTGAGE5US,0.6666666666666672,NA,NA,NA,NA,NA,NA,NA,NA
2007-02-08,5.99,MORTGAGE5US,-0.827814569536421,NA,NA,NA,NA,NA,NA,NA,NA
2007-02-15,6.01,MORTGAGE5US,0.33388981636059384,NA,NA,NA,NA,NA,NA,NA,NA
2007-02-22,5.96,MORTGAGE5US,-0.831946755407651,NA,NA,NA,NA,NA,NA,NA,NA
2007-03-01,5.93,MORTGAGE5US,-0.5033557046979908,NA,NA,NA,NA,NA,NA,NA,NA
2007-03-08,5.9,MORTGAGE5US,-0.5059021922428223,NA,NA,NA,NA,NA,NA,NA,NA
2007-03-15,5.9,MORTGAGE5US,0,NA,NA,NA,NA,NA,NA,NA,NA
2007-03-22,5.91,MORTGAGE5US,0.1694915254237252,NA,NA,NA,NA,NA,NA,NA,NA
2007-03-29,5.88,MORTGAGE5US,-0.5076142131979737,NA,NA,NA,NA,NA,NA,NA,NA
2007-04-05,5.92,MORTGAGE5US,0.680272108843538,NA,NA,NA,NA,NA,NA,NA,NA
2007-04-12,5.93,MORTGAGE5US,0.16891891891891533,NA,NA,NA,NA,NA,NA,NA,NA
2007-04-19,5.92,MORTGAGE5US,-0.16863406408094075,NA,NA,NA,NA,NA,NA,NA,NA
2007-04-26,5.88,MORTGAGE5US,-0.6756756756756763,NA,NA,NA,NA,NA,NA,NA,NA
2007-05-03,5.87,MORTGAGE5US,-0.1700680272108807,NA,NA,NA,NA,NA,NA,NA,NA
2007-05-10,5.89,MORTGAGE5US,0.340715502555359,NA,NA,NA,NA,NA,NA,NA,NA
2007-05-17,5.92,MORTGAGE5US,0.509337860780989,NA,NA,NA,NA,NA,NA,NA,NA
2007-05-24,6.02,MORTGAGE5US,1.689189189189183,NA,NA,NA,NA,NA,NA,NA,NA
2007-05-31,6.19,MORTGAGE5US,2.8239202657807447,NA,NA,NA,NA,NA,NA,NA,NA
2007-06-07,6.24,MORTGAGE5US,0.8077544426494316,NA,NA,NA,NA,NA,NA,NA,NA
2007-06-14,6.37,MORTGAGE5US,2.0833333333333313,NA,NA,NA,NA,NA,NA,NA,NA
2007-06-21,6.31,MORTGAGE5US,-0.9419152276295211,NA,NA,NA,NA,NA,NA,NA,NA
2007-06-28,6.3,MORTGAGE5US,-0.15847860538826922,NA,NA,NA,NA,NA,NA,NA,NA
2007-07-05,6.29,MORTGAGE5US,-0.15873015873015534,NA,NA,NA,NA,NA,NA,NA,NA
2007-07-12,6.35,MORTGAGE5US,0.9538950715421243,NA,NA,NA,NA,NA,NA,NA,NA
2007-07-19,6.35,MORTGAGE5US,0,NA,NA,NA,NA,NA,NA,NA,NA
2007-07-26,6.3,MORTGAGE5US,-0.7874015748031469,NA,NA,NA,NA,NA,NA,NA,NA
2007-08-02,6.29,MORTGAGE5US,-0.15873015873015534,NA,NA,NA,NA,NA,NA,NA,NA
2007-08-09,6.33,MORTGAGE5US,0.6359300476947541,NA,NA,NA,NA,NA,NA,NA,NA
2007-08-16,6.35,MORTGAGE5US,0.3159557661927263,NA,NA,NA,NA,NA,NA,NA,NA
2007-08-23,6.34,MORTGAGE5US,-0.1574803149606266,NA,NA,NA,NA,NA,NA,NA,NA
2007-08-30,6.35,MORTGAGE5US,0.1577287066246023,NA,NA,NA,NA,NA,NA,NA,NA
2007-09-06,6.32,MORTGAGE5US,-0.4724409448818797,NA,NA,NA,NA,NA,NA,NA,NA
2007-09-13,6.17,MORTGAGE5US,-2.373417721518993,NA,NA,NA,NA,NA,NA,NA,NA
2007-09-20,6.21,MORTGAGE5US,0.6482982171799033,NA,NA,NA,NA,NA,NA,NA,NA
2007-09-27,6.15,MORTGAGE5US,-0.9661835748792208,NA,NA,NA,NA,NA,NA,NA,NA
2007-10-04,6.11,MORTGAGE5US,-0.6504065040650412,NA,NA,NA,NA,NA,NA,NA,NA
2007-10-11,6.12,MORTGAGE5US,0.1636661211129261,NA,NA,NA,NA,NA,NA,NA,NA
2007-10-18,6.11,MORTGAGE5US,-0.16339869281045402,NA,NA,NA,NA,NA,NA,NA,NA
2007-10-25,6.03,MORTGAGE5US,-1.3093289689034382,NA,NA,NA,NA,NA,NA,NA,NA
2007-11-01,5.98,MORTGAGE5US,-0.8291873963515726,NA,NA,NA,NA,NA,NA,NA,NA
2007-11-08,5.89,MORTGAGE5US,-1.505016722408039,NA,NA,NA,NA,NA,NA,NA,NA
2007-11-15,5.96,MORTGAGE5US,1.1884550084889693,NA,NA,NA,NA,NA,NA,NA,NA
2007-11-21,5.88,MORTGAGE5US,-1.342281879194632,NA,NA,NA,NA,NA,NA,NA,NA
2007-11-29,5.86,MORTGAGE5US,-0.3401360544217614,NA,NA,NA,NA,NA,NA,NA,NA
2007-12-06,5.75,MORTGAGE5US,-1.877133105802053,NA,NA,NA,NA,NA,NA,NA,NA
2007-12-13,5.89,MORTGAGE5US,2.4347826086956466,NA,NA,NA,NA,NA,NA,NA,NA
2007-12-20,5.9,MORTGAGE5US,0.16977928692700636,NA,NA,NA,NA,NA,NA,NA,NA
2007-12-27,5.9,MORTGAGE5US,0,NA,NA,NA,NA,NA,NA,NA,NA
2008-01-03,5.78,MORTGAGE5US,-2.0338983050847474,NA,NA,NA,NA,NA,NA,NA,NA
2008-01-10,5.63,MORTGAGE5US,-2.5951557093425666,NA,NA,NA,NA,NA,NA,NA,NA
2008-01-17,5.4,MORTGAGE5US,-4.085257548845463,NA,NA,NA,NA,NA,NA,NA,NA
2008-01-24,5.13,MORTGAGE5US,-5.000000000000008,NA,NA,NA,NA,NA,NA,NA,NA
2008-01-31,5.32,MORTGAGE5US,3.7037037037037113,NA,NA,NA,NA,NA,NA,NA,NA
2008-02-07,5.21,MORTGAGE5US,-2.0676691729323364,NA,NA,NA,NA,NA,NA,NA,NA
2008-02-14,5.19,MORTGAGE5US,-0.38387715930901295,NA,NA,NA,NA,NA,NA,NA,NA
2008-02-21,5.37,MORTGAGE5US,3.4682080924855434,NA,NA,NA,NA,NA,NA,NA,NA
2008-02-28,5.43,MORTGAGE5US,1.1173184357541828,NA,NA,NA,NA,NA,NA,NA,NA
2008-03-06,5.34,MORTGAGE5US,-1.6574585635359091,NA,NA,NA,NA,NA,NA,NA,NA
2008-03-13,5.58,MORTGAGE5US,4.494382022471914,NA,NA,NA,NA,NA,NA,NA,NA
2008-03-20,5.56,MORTGAGE5US,-0.3584229390681086,NA,NA,NA,NA,NA,NA,NA,NA
2008-03-27,5.67,MORTGAGE5US,1.978417266187056,NA,NA,NA,NA,NA,NA,NA,NA
2008-04-03,5.59,MORTGAGE5US,-1.4109347442680789,NA,NA,NA,NA,NA,NA,NA,NA
2008-04-10,5.56,MORTGAGE5US,-0.53667262969589,NA,NA,NA,NA,NA,NA,NA,NA
2008-04-17,5.48,MORTGAGE5US,-1.4388489208632946,NA,NA,NA,NA,NA,NA,NA,NA
2008-04-24,5.68,MORTGAGE5US,3.649635036496337,NA,NA,NA,NA,NA,NA,NA,NA
2008-05-01,5.73,MORTGAGE5US,0.8802816901408576,NA,NA,NA,NA,NA,NA,NA,NA
2008-05-08,5.67,MORTGAGE5US,-1.0471204188481762,NA,NA,NA,NA,NA,NA,NA,NA
2008-05-15,5.57,MORTGAGE5US,-1.7636684303350907,NA,NA,NA,NA,NA,NA,NA,NA
2008-05-22,5.61,MORTGAGE5US,0.7181328545780976,NA,NA,NA,NA,NA,NA,NA,NA
2008-05-29,5.62,MORTGAGE5US,0.17825311942958622,NA,NA,NA,NA,NA,NA,NA,NA
2008-06-05,5.51,MORTGAGE5US,-1.957295373665486,NA,NA,NA,NA,NA,NA,NA,NA
2008-06-12,5.7,MORTGAGE5US,3.4482758620689724,NA,NA,NA,NA,NA,NA,NA,NA
2008-06-19,5.89,MORTGAGE5US,3.333333333333324,NA,NA,NA,NA,NA,NA,NA,NA
2008-06-26,5.99,MORTGAGE5US,1.6977928692699582,NA,NA,NA,NA,NA,NA,NA,NA
2008-07-03,5.78,MORTGAGE5US,-3.50584307178631,NA,NA,NA,NA,NA,NA,NA,NA
2008-07-10,5.82,MORTGAGE5US,0.6920415224913501,NA,NA,NA,NA,NA,NA,NA,NA
2008-07-17,5.8,MORTGAGE5US,-0.34364261168385674,NA,NA,NA,NA,NA,NA,NA,NA
2008-07-24,6.16,MORTGAGE5US,6.206896551724143,NA,NA,NA,NA,NA,NA,NA,NA
2008-07-31,6.07,MORTGAGE5US,-1.4610389610389587,NA,NA,NA,NA,NA,NA,NA,NA
2008-08-07,6.05,MORTGAGE5US,-0.32948929159803064,NA,NA,NA,NA,NA,NA,NA,NA
2008-08-14,6.02,MORTGAGE5US,-0.49586776859504544,NA,NA,NA,NA,NA,NA,NA,NA
2008-08-21,5.99,MORTGAGE5US,-0.4983388704318831,NA,NA,NA,NA,NA,NA,NA,NA
2008-08-28,6.03,MORTGAGE5US,0.6677796327212026,NA,NA,NA,NA,NA,NA,NA,NA
2008-09-04,5.97,MORTGAGE5US,-0.9950248756218987,NA,NA,NA,NA,NA,NA,NA,NA
2008-09-11,5.87,MORTGAGE5US,-1.675041876046895,NA,NA,NA,NA,NA,NA,NA,NA
2008-09-18,5.67,MORTGAGE5US,-3.4071550255536653,NA,NA,NA,NA,NA,NA,NA,NA
2008-09-25,6.02,MORTGAGE5US,6.172839506172833,NA,NA,NA,NA,NA,NA,NA,NA
2008-10-02,6,MORTGAGE5US,-0.3322259136212554,NA,NA,NA,NA,NA,NA,NA,NA
2008-10-09,5.9,MORTGAGE5US,-1.6666666666666607,NA,NA,NA,NA,NA,NA,NA,NA
2008-10-16,6.14,MORTGAGE5US,4.06779661016948,NA,NA,NA,NA,NA,NA,NA,NA
2008-10-23,6.06,MORTGAGE5US,-1.3029315960912065,NA,NA,NA,NA,NA,NA,NA,NA
2008-10-30,6.36,MORTGAGE5US,4.950495049504963,NA,NA,NA,NA,NA,NA,NA,NA
2008-11-06,6.19,MORTGAGE5US,-2.672955974842766,NA,NA,NA,NA,NA,NA,NA,NA
2008-11-13,5.98,MORTGAGE5US,-3.3925686591276247,NA,NA,NA,NA,NA,NA,NA,NA
2008-11-20,5.87,MORTGAGE5US,-1.8394648829431492,NA,NA,NA,NA,NA,NA,NA,NA
2008-11-26,5.86,MORTGAGE5US,-0.1703577512776795,NA,NA,NA,NA,NA,NA,NA,NA
2008-12-04,5.77,MORTGAGE5US,-1.5358361774744154,NA,NA,NA,NA,NA,NA,NA,NA
2008-12-11,5.82,MORTGAGE5US,0.8665511265164769,NA,NA,NA,NA,NA,NA,NA,NA
2008-12-18,5.6,MORTGAGE5US,-3.7800687285223478,NA,NA,NA,NA,NA,NA,NA,NA
2008-12-24,5.49,MORTGAGE5US,-1.9642857142857042,NA,NA,NA,NA,NA,NA,NA,NA
2008-12-31,5.57,MORTGAGE5US,1.4571948998178519,NA,NA,NA,NA,NA,NA,NA,NA
2009-01-08,5.49,MORTGAGE5US,-1.4362657091561952,NA,NA,NA,NA,NA,NA,NA,NA
2009-01-15,5.25,MORTGAGE5US,-4.371584699453555,NA,NA,NA,NA,NA,NA,NA,NA
2009-01-22,5.24,MORTGAGE5US,-0.1904761904761864,NA,NA,NA,NA,NA,NA,NA,NA
2009-01-29,5.27,MORTGAGE5US,0.5725190839694534,NA,NA,NA,NA,NA,NA,NA,NA
2009-02-05,5.26,MORTGAGE5US,-0.18975332068310793,NA,NA,NA,NA,NA,NA,NA,NA
2009-02-12,5.23,MORTGAGE5US,-0.5703422053231818,NA,NA,NA,NA,NA,NA,NA,NA
2009-02-19,5.04,MORTGAGE5US,-3.6328871892925503,NA,NA,NA,NA,NA,NA,NA,NA
2009-02-26,5.06,MORTGAGE5US,0.39682539682538837,NA,NA,NA,NA,NA,NA,NA,NA
2009-03-05,5.08,MORTGAGE5US,0.3952569169960566,NA,NA,NA,NA,NA,NA,NA,NA
2009-03-12,4.99,MORTGAGE5US,-1.771653543307084,NA,NA,NA,NA,NA,NA,NA,NA
2009-03-19,4.98,MORTGAGE5US,-0.20040080160320214,NA,NA,NA,NA,NA,NA,NA,NA
2009-03-26,4.96,MORTGAGE5US,-0.4016064257028205,NA,NA,NA,NA,NA,NA,NA,NA
2009-04-02,4.92,MORTGAGE5US,-0.8064516129032264,NA,NA,NA,NA,NA,NA,NA,NA
2009-04-09,4.93,MORTGAGE5US,0.2032520325203209,NA,NA,NA,NA,NA,NA,NA,NA
2009-04-16,4.88,MORTGAGE5US,-1.014198782961457,NA,NA,NA,NA,NA,NA,NA,NA
2009-04-23,4.85,MORTGAGE5US,-0.6147540983606609,NA,NA,NA,NA,NA,NA,NA,NA
2009-04-30,4.8,MORTGAGE5US,-1.0309278350515427,NA,NA,NA,NA,NA,NA,NA,NA
2009-05-07,4.9,MORTGAGE5US,2.0833333333333446,NA,NA,NA,NA,NA,NA,NA,NA
2009-05-14,4.82,MORTGAGE5US,-1.632653061224491,NA,NA,NA,NA,NA,NA,NA,NA
2009-05-21,4.79,MORTGAGE5US,-0.6224066390041545,NA,NA,NA,NA,NA,NA,NA,NA
2009-05-28,4.82,MORTGAGE5US,0.6263048016701513,NA,NA,NA,NA,NA,NA,NA,NA
2009-06-04,4.85,MORTGAGE5US,0.6224066390041361,NA,NA,NA,NA,NA,NA,NA,NA
2009-06-11,5.17,MORTGAGE5US,6.597938144329903,NA,NA,NA,NA,NA,NA,NA,NA
2009-06-18,4.97,MORTGAGE5US,-3.8684719535783403,NA,NA,NA,NA,NA,NA,NA,NA
2009-06-25,4.99,MORTGAGE5US,0.4024144869215385,NA,NA,NA,NA,NA,NA,NA,NA
2009-07-02,4.88,MORTGAGE5US,-2.2044088176352767,NA,NA,NA,NA,NA,NA,NA,NA
2009-07-09,4.82,MORTGAGE5US,-1.2295081967213035,NA,NA,NA,NA,NA,NA,NA,NA
2009-07-16,4.83,MORTGAGE5US,0.20746887966804536,NA,NA,NA,NA,NA,NA,NA,NA
2009-07-23,4.74,MORTGAGE5US,-1.8633540372670776,NA,NA,NA,NA,NA,NA,NA,NA
2009-07-30,4.75,MORTGAGE5US,0.21097046413501658,NA,NA,NA,NA,NA,NA,NA,NA
2009-08-06,4.73,MORTGAGE5US,-0.4210526315789384,NA,NA,NA,NA,NA,NA,NA,NA
2009-08-13,4.75,MORTGAGE5US,0.42283298097250677,NA,NA,NA,NA,NA,NA,NA,NA
2009-08-20,4.57,MORTGAGE5US,-3.7894736842105203,NA,NA,NA,NA,NA,NA,NA,NA
2009-08-27,4.67,MORTGAGE5US,2.1881838074398168,NA,NA,NA,NA,NA,NA,NA,NA
2009-09-03,4.59,MORTGAGE5US,-1.713062098501072,NA,NA,NA,NA,NA,NA,NA,NA
2009-09-10,4.51,MORTGAGE5US,-1.7429193899782152,NA,NA,NA,NA,NA,NA,NA,NA
2009-09-17,4.51,MORTGAGE5US,0,NA,NA,NA,NA,NA,NA,NA,NA
2009-09-24,4.51,MORTGAGE5US,0,NA,NA,NA,NA,NA,NA,NA,NA
2009-10-01,4.42,MORTGAGE5US,-1.9955654101995532,NA,NA,NA,NA,NA,NA,NA,NA
2009-10-08,4.35,MORTGAGE5US,-1.5837104072398256,NA,NA,NA,NA,NA,NA,NA,NA
2009-10-15,4.38,MORTGAGE5US,0.6896551724137989,NA,NA,NA,NA,NA,NA,NA,NA
2009-10-22,4.4,MORTGAGE5US,0.4566210045662206,NA,NA,NA,NA,NA,NA,NA,NA
2009-10-29,4.42,MORTGAGE5US,0.4545454545454448,NA,NA,NA,NA,NA,NA,NA,NA
2009-11-05,4.35,MORTGAGE5US,-1.5837104072398256,NA,NA,NA,NA,NA,NA,NA,NA
2009-11-12,4.29,MORTGAGE5US,-1.3793103448275774,NA,NA,NA,NA,NA,NA,NA,NA
2009-11-19,4.25,MORTGAGE5US,-0.9324009324009332,NA,NA,NA,NA,NA,NA,NA,NA
2009-11-25,4.18,MORTGAGE5US,-1.6470588235294186,NA,NA,NA,NA,NA,NA,NA,NA
2009-12-03,4.19,MORTGAGE5US,0.23923444976078173,NA,NA,NA,NA,NA,NA,NA,NA
2009-12-10,4.26,MORTGAGE5US,1.6706443914081,NA,NA,NA,NA,NA,NA,NA,NA
2009-12-17,4.37,MORTGAGE5US,2.5821596244131535,NA,NA,NA,NA,NA,NA,NA,NA
2009-12-24,4.4,MORTGAGE5US,0.686498855835246,NA,NA,NA,NA,NA,NA,NA,NA
2009-12-31,4.44,MORTGAGE5US,0.9090909090909097,NA,NA,NA,NA,NA,NA,NA,NA
2010-01-07,4.44,MORTGAGE5US,0,NA,NA,NA,NA,NA,NA,NA,NA
2010-01-14,4.32,MORTGAGE5US,-2.702702702702705,NA,NA,NA,NA,NA,NA,NA,NA
2010-01-21,4.27,MORTGAGE5US,-1.1574074074074239,NA,NA,NA,NA,NA,NA,NA,NA
2010-01-28,4.25,MORTGAGE5US,-0.468384074941442,NA,NA,NA,NA,NA,NA,NA,NA
2010-02-04,4.27,MORTGAGE5US,0.47058823529410765,NA,NA,NA,NA,NA,NA,NA,NA
2010-02-11,4.19,MORTGAGE5US,-1.873536299765789,NA,NA,NA,NA,NA,NA,NA,NA
2010-02-18,4.12,MORTGAGE5US,-1.670644391408121,NA,NA,NA,NA,NA,NA,NA,NA
2010-02-25,4.16,MORTGAGE5US,0.9708737864077678,NA,NA,NA,NA,NA,NA,NA,NA
2010-03-04,4.11,MORTGAGE5US,-1.2019230769230727,NA,NA,NA,NA,NA,NA,NA,NA
2010-03-11,4.05,MORTGAGE5US,-1.4598540145985521,NA,NA,NA,NA,NA,NA,NA,NA
2010-03-18,4.09,MORTGAGE5US,0.9876543209876552,NA,NA,NA,NA,NA,NA,NA,NA
2010-03-25,4.14,MORTGAGE5US,1.222493887530558,NA,NA,NA,NA,NA,NA,NA,NA
2010-04-01,4.1,MORTGAGE5US,-0.966183574879228,NA,NA,NA,NA,NA,NA,NA,NA
2010-04-08,4.25,MORTGAGE5US,3.6585365853658622,NA,NA,NA,NA,NA,NA,NA,NA
2010-04-15,4.08,MORTGAGE5US,-3.9999999999999982,NA,NA,NA,NA,NA,NA,NA,NA
2010-04-22,4.03,MORTGAGE5US,-1.225490196078427,NA,NA,NA,NA,NA,NA,NA,NA
2010-04-29,4,MORTGAGE5US,-0.7444168734491377,NA,NA,NA,NA,NA,NA,NA,NA
2010-05-06,3.97,MORTGAGE5US,-0.7499999999999951,NA,NA,NA,NA,NA,NA,NA,NA
2010-05-13,3.95,MORTGAGE5US,-0.5037783375314866,NA,NA,NA,NA,NA,NA,NA,NA
2010-05-20,3.91,MORTGAGE5US,-1.0126582278481022,NA,NA,NA,NA,NA,NA,NA,NA
2010-05-27,3.97,MORTGAGE5US,1.5345268542199502,NA,NA,NA,NA,NA,NA,NA,NA
2010-06-03,3.94,MORTGAGE5US,-0.7556675062972354,NA,NA,NA,NA,NA,NA,NA,NA
2010-06-10,3.92,MORTGAGE5US,-0.5076142131979701,NA,NA,NA,NA,NA,NA,NA,NA
2010-06-17,3.89,MORTGAGE5US,-0.7653061224489747,NA,NA,NA,NA,NA,NA,NA,NA
2010-06-24,3.84,MORTGAGE5US,-1.2853470437018062,NA,NA,NA,NA,NA,NA,NA,NA
2010-07-01,3.79,MORTGAGE5US,-1.3020833333333286,NA,NA,NA,NA,NA,NA,NA,NA
2010-07-08,3.75,MORTGAGE5US,-1.0554089709762544,NA,NA,NA,NA,NA,NA,NA,NA
2010-07-15,3.85,MORTGAGE5US,2.6666666666666687,NA,NA,NA,NA,NA,NA,NA,NA
2010-07-22,3.79,MORTGAGE5US,-1.5584415584415598,NA,NA,NA,NA,NA,NA,NA,NA
2010-07-29,3.76,MORTGAGE5US,-0.7915567282321965,NA,NA,NA,NA,NA,NA,NA,NA
2010-08-05,3.63,MORTGAGE5US,-3.457446808510636,NA,NA,NA,NA,NA,NA,NA,NA
2010-08-12,3.56,MORTGAGE5US,-1.9283746556473784,NA,NA,NA,NA,NA,NA,NA,NA
2010-08-19,3.56,MORTGAGE5US,0,NA,NA,NA,NA,NA,NA,NA,NA
2010-08-26,3.56,MORTGAGE5US,0,NA,NA,NA,NA,NA,NA,NA,NA
2010-09-02,3.54,MORTGAGE5US,-0.5617977528089892,NA,NA,NA,NA,NA,NA,NA,NA
2010-09-09,3.56,MORTGAGE5US,0.56497175141243,NA,NA,NA,NA,NA,NA,NA,NA
2010-09-16,3.55,MORTGAGE5US,-0.2808988764045009,NA,NA,NA,NA,NA,NA,NA,NA
2010-09-23,3.54,MORTGAGE5US,-0.28169014084506444,NA,NA,NA,NA,NA,NA,NA,NA
2010-09-30,3.52,MORTGAGE5US,-0.56497175141243,NA,NA,NA,NA,NA,NA,NA,NA
2010-10-07,3.47,MORTGAGE5US,-1.4204545454545403,NA,NA,NA,NA,NA,NA,NA,NA
2010-10-14,3.47,MORTGAGE5US,0,NA,NA,NA,NA,NA,NA,NA,NA
2010-10-21,3.45,MORTGAGE5US,-0.5763688760806921,NA,NA,NA,NA,NA,NA,NA,NA
2010-10-28,3.41,MORTGAGE5US,-1.1594202898550736,NA,NA,NA,NA,NA,NA,NA,NA
2010-11-04,3.39,MORTGAGE5US,-0.5865102639296192,NA,NA,NA,NA,NA,NA,NA,NA
2010-11-11,3.25,MORTGAGE5US,-4.129793510324487,NA,NA,NA,NA,NA,NA,NA,NA
2010-11-18,3.4,MORTGAGE5US,4.615384615384613,NA,NA,NA,NA,NA,NA,NA,NA
2010-11-24,3.45,MORTGAGE5US,1.4705882352941255,NA,NA,NA,NA,NA,NA,NA,NA
2010-12-02,3.49,MORTGAGE5US,1.1594202898550736,NA,NA,NA,NA,NA,NA,NA,NA
2010-12-09,3.6,MORTGAGE5US,3.1518624641833775,NA,NA,NA,NA,NA,NA,NA,NA
2010-12-16,3.77,MORTGAGE5US,4.72222222222222,NA,NA,NA,NA,NA,NA,NA,NA
2010-12-23,3.75,MORTGAGE5US,-0.5305039787798413,NA,NA,NA,NA,NA,NA,NA,NA
2010-12-30,3.77,MORTGAGE5US,0.5333333333333339,NA,NA,NA,NA,NA,NA,NA,NA
2011-01-06,3.75,MORTGAGE5US,-0.5305039787798413,NA,NA,NA,NA,NA,NA,NA,NA
2011-01-13,3.72,MORTGAGE5US,-0.7999999999999948,NA,NA,NA,NA,NA,NA,NA,NA
2011-01-20,3.69,MORTGAGE5US,-0.8064516129032324,NA,NA,NA,NA,NA,NA,NA,NA
2011-01-27,3.7,MORTGAGE5US,0.2710027100271065,NA,NA,NA,NA,NA,NA,NA,NA
2011-02-03,3.69,MORTGAGE5US,-0.2702702702702765,NA,NA,NA,NA,NA,NA,NA,NA
2011-02-10,3.92,MORTGAGE5US,6.233062330623306,NA,NA,NA,NA,NA,NA,NA,NA
2011-02-17,3.87,MORTGAGE5US,-1.2755102040816282,NA,NA,NA,NA,NA,NA,NA,NA
2011-02-24,3.8,MORTGAGE5US,-1.8087855297157693,NA,NA,NA,NA,NA,NA,NA,NA
2011-03-03,3.72,MORTGAGE5US,-2.105263157894727,NA,NA,NA,NA,NA,NA,NA,NA
2011-03-10,3.73,MORTGAGE5US,0.26881720430106953,NA,NA,NA,NA,NA,NA,NA,NA
2011-03-17,3.57,MORTGAGE5US,-4.289544235924937,NA,NA,NA,NA,NA,NA,NA,NA
2011-03-24,3.62,MORTGAGE5US,1.4005602240896433,NA,NA,NA,NA,NA,NA,NA,NA
2011-03-31,3.7,MORTGAGE5US,2.2099447513812174,NA,NA,NA,NA,NA,NA,NA,NA
2011-04-07,3.72,MORTGAGE5US,0.540540540540541,NA,NA,NA,NA,NA,NA,NA,NA
2011-04-14,3.78,MORTGAGE5US,1.612903225806441,NA,NA,NA,NA,NA,NA,NA,NA
2011-04-21,3.61,MORTGAGE5US,-4.497354497354496,NA,NA,NA,NA,NA,NA,NA,NA
2011-04-28,3.51,MORTGAGE5US,-2.7700831024930777,NA,NA,NA,NA,NA,NA,NA,NA
2011-05-05,3.47,MORTGAGE5US,-1.139601139601128,NA,NA,NA,NA,NA,NA,NA,NA
2011-05-12,3.41,MORTGAGE5US,-1.7291066282420764,NA,NA,NA,NA,NA,NA,NA,NA
2011-05-19,3.48,MORTGAGE5US,2.0527859237536608,NA,NA,NA,NA,NA,NA,NA,NA
2011-05-26,3.41,MORTGAGE5US,-2.011494252873559,NA,NA,NA,NA,NA,NA,NA,NA
2011-06-02,3.41,MORTGAGE5US,0,NA,NA,NA,NA,NA,NA,NA,NA
2011-06-09,3.28,MORTGAGE5US,-3.812316715542532,NA,NA,NA,NA,NA,NA,NA,NA
2011-06-16,3.27,MORTGAGE5US,-0.3048780487804813,NA,NA,NA,NA,NA,NA,NA,NA
2011-06-23,3.25,MORTGAGE5US,-0.6116207951070342,NA,NA,NA,NA,NA,NA,NA,NA
2011-06-30,3.22,MORTGAGE5US,-0.9230769230769171,NA,NA,NA,NA,NA,NA,NA,NA
2011-07-07,3.3,MORTGAGE5US,2.4844720496894293,NA,NA,NA,NA,NA,NA,NA,NA
2011-07-14,3.29,MORTGAGE5US,-0.30303030303029654,NA,NA,NA,NA,NA,NA,NA,NA
2011-07-21,3.27,MORTGAGE5US,-0.6079027355623106,NA,NA,NA,NA,NA,NA,NA,NA
2011-07-28,3.25,MORTGAGE5US,-0.6116207951070342,NA,NA,NA,NA,NA,NA,NA,NA
2011-08-04,3.18,MORTGAGE5US,-2.153846153846149,NA,NA,NA,NA,NA,NA,NA,NA
2011-08-11,3.13,MORTGAGE5US,-1.5723270440251655,NA,NA,NA,NA,NA,NA,NA,NA
2011-08-18,3.08,MORTGAGE5US,-1.5974440894568633,NA,NA,NA,NA,NA,NA,NA,NA
2011-08-25,3.07,MORTGAGE5US,-0.32467532467533217,NA,NA,NA,NA,NA,NA,NA,NA
2011-09-01,2.96,MORTGAGE5US,-3.5830618892508106,NA,NA,NA,NA,NA,NA,NA,NA
2011-09-08,2.96,MORTGAGE5US,0,NA,NA,NA,NA,NA,NA,NA,NA
2011-09-15,2.99,MORTGAGE5US,1.0135135135135218,NA,NA,NA,NA,NA,NA,NA,NA
2011-09-22,3.02,MORTGAGE5US,1.0033444816053445,NA,NA,NA,NA,NA,NA,NA,NA
2011-09-29,3.02,MORTGAGE5US,0,NA,NA,NA,NA,NA,NA,NA,NA
2011-10-06,2.96,MORTGAGE5US,-1.986754966887419,NA,NA,NA,NA,NA,NA,NA,NA
2011-10-13,3.06,MORTGAGE5US,3.378378378378381,NA,NA,NA,NA,NA,NA,NA,NA
2011-10-20,3.01,MORTGAGE5US,-1.633986928104584,NA,NA,NA,NA,NA,NA,NA,NA
2011-10-27,3.08,MORTGAGE5US,2.3255813953488467,NA,NA,NA,NA,NA,NA,NA,NA
2011-11-03,2.96,MORTGAGE5US,-3.8961038961038996,NA,NA,NA,NA,NA,NA,NA,NA
2011-11-10,2.98,MORTGAGE5US,0.6756756756756763,NA,NA,NA,NA,NA,NA,NA,NA
2011-11-17,2.97,MORTGAGE5US,-0.3355704697986506,NA,NA,NA,NA,NA,NA,NA,NA
2011-11-23,2.91,MORTGAGE5US,-2.0202020202020217,NA,NA,NA,NA,NA,NA,NA,NA
2011-12-01,2.9,MORTGAGE5US,-0.34364261168385674,NA,NA,NA,NA,NA,NA,NA,NA
2011-12-08,2.93,MORTGAGE5US,1.0344827586206984,NA,NA,NA,NA,NA,NA,NA,NA
2011-12-15,2.86,MORTGAGE5US,-2.3890784982935247,NA,NA,NA,NA,NA,NA,NA,NA
2011-12-22,2.85,MORTGAGE5US,-0.3496503496503422,NA,NA,NA,NA,NA,NA,NA,NA
2011-12-29,2.88,MORTGAGE5US,1.0526315789473615,NA,NA,NA,NA,NA,NA,NA,NA
2012-01-05,2.86,MORTGAGE5US,-0.6944444444444451,NA,NA,NA,NA,NA,NA,NA,NA
2012-01-12,2.82,MORTGAGE5US,-1.3986013986014,NA,NA,NA,NA,NA,NA,NA,NA
2012-01-19,2.82,MORTGAGE5US,0,NA,NA,NA,NA,NA,NA,NA,NA
2012-01-26,2.85,MORTGAGE5US,1.0638297872340514,NA,NA,NA,NA,NA,NA,NA,NA
2012-02-02,2.8,MORTGAGE5US,-1.75438596491229,NA,NA,NA,NA,NA,NA,NA,NA
2012-02-09,2.83,MORTGAGE5US,1.0714285714285805,NA,NA,NA,NA,NA,NA,NA,NA
2012-02-16,2.82,MORTGAGE5US,-0.35335689045937213,NA,NA,NA,NA,NA,NA,NA,NA
2012-02-23,2.8,MORTGAGE5US,-0.7092198581560291,NA,NA,NA,NA,NA,NA,NA,NA
2012-03-01,2.83,MORTGAGE5US,1.0714285714285805,NA,NA,NA,NA,NA,NA,NA,NA
2012-03-08,2.81,MORTGAGE5US,-0.7067137809187285,NA,NA,NA,NA,NA,NA,NA,NA
2012-03-15,2.83,MORTGAGE5US,0.7117437722419936,NA,NA,NA,NA,NA,NA,NA,NA
2012-03-22,2.96,MORTGAGE5US,4.593639575971728,NA,NA,NA,NA,NA,NA,NA,NA
2012-03-29,2.9,MORTGAGE5US,-2.027027027027029,NA,NA,NA,NA,NA,NA,NA,NA
2012-04-05,2.86,MORTGAGE5US,-1.3793103448275874,NA,NA,NA,NA,NA,NA,NA,NA
2012-04-12,2.85,MORTGAGE5US,-0.3496503496503422,NA,NA,NA,NA,NA,NA,NA,NA
2012-04-19,2.78,MORTGAGE5US,-2.456140350877203,NA,NA,NA,NA,NA,NA,NA,NA
2012-04-26,2.85,MORTGAGE5US,2.517985611510802,NA,NA,NA,NA,NA,NA,NA,NA
2012-05-03,2.85,MORTGAGE5US,0,NA,NA,NA,NA,NA,NA,NA,NA
2012-05-10,2.81,MORTGAGE5US,-1.4035087719298258,NA,NA,NA,NA,NA,NA,NA,NA
2012-05-17,2.83,MORTGAGE5US,0.7117437722419936,NA,NA,NA,NA,NA,NA,NA,NA
2012-05-24,2.83,MORTGAGE5US,0,NA,NA,NA,NA,NA,NA,NA,NA
2012-05-31,2.84,MORTGAGE5US,0.3533568904593564,NA,NA,NA,NA,NA,NA,NA,NA
2012-06-07,2.84,MORTGAGE5US,0,NA,NA,NA,NA,NA,NA,NA,NA
2012-06-14,2.8,MORTGAGE5US,-1.4084507042253533,NA,NA,NA,NA,NA,NA,NA,NA
2012-06-21,2.77,MORTGAGE5US,-1.0714285714285645,NA,NA,NA,NA,NA,NA,NA,NA
2012-06-28,2.79,MORTGAGE5US,0.7220216606498201,NA,NA,NA,NA,NA,NA,NA,NA
2012-07-05,2.79,MORTGAGE5US,0,NA,NA,NA,NA,NA,NA,NA,NA
2012-07-12,2.74,MORTGAGE5US,-1.7921146953404954,NA,NA,NA,NA,NA,NA,NA,NA
2012-07-19,2.69,MORTGAGE5US,-1.8248175182481847,NA,NA,NA,NA,NA,NA,NA,NA
2012-07-26,2.74,MORTGAGE5US,1.8587360594795637,NA,NA,NA,NA,NA,NA,NA,NA
2012-08-02,2.75,MORTGAGE5US,0.3649635036496272,NA,NA,NA,NA,NA,NA,NA,NA
2012-08-09,2.77,MORTGAGE5US,0.7272727272727278,NA,NA,NA,NA,NA,NA,NA,NA
2012-08-16,2.76,MORTGAGE5US,-0.3610108303249181,NA,NA,NA,NA,NA,NA,NA,NA
2012-08-23,2.8,MORTGAGE5US,1.449275362318842,NA,NA,NA,NA,NA,NA,NA,NA
2012-08-30,2.78,MORTGAGE5US,-0.714285714285715,NA,NA,NA,NA,NA,NA,NA,NA
2012-09-06,2.75,MORTGAGE5US,-1.079136690647475,NA,NA,NA,NA,NA,NA,NA,NA
2012-09-13,2.72,MORTGAGE5US,-1.090909090909084,NA,NA,NA,NA,NA,NA,NA,NA
2012-09-20,2.76,MORTGAGE5US,1.4705882352941024,NA,NA,NA,NA,NA,NA,NA,NA
2012-09-27,2.71,MORTGAGE5US,-1.8115942028985446,NA,NA,NA,NA,NA,NA,NA,NA
2012-10-04,2.72,MORTGAGE5US,0.3690036900369089,NA,NA,NA,NA,NA,NA,NA,NA
2012-10-11,2.73,MORTGAGE5US,0.36764705882352156,NA,NA,NA,NA,NA,NA,NA,NA
2012-10-18,2.75,MORTGAGE5US,0.7326007326007333,NA,NA,NA,NA,NA,NA,NA,NA
2012-10-25,2.75,MORTGAGE5US,0,NA,NA,NA,NA,NA,NA,NA,NA
2012-11-01,2.74,MORTGAGE5US,-0.3636363636363559,NA,NA,NA,NA,NA,NA,NA,NA
2012-11-08,2.73,MORTGAGE5US,-0.3649635036496434,NA,NA,NA,NA,NA,NA,NA,NA
2012-11-15,2.74,MORTGAGE5US,0.36630036630037477,NA,NA,NA,NA,NA,NA,NA,NA
2012-11-21,2.74,MORTGAGE5US,0,NA,NA,NA,NA,NA,NA,NA,NA
2012-11-29,2.72,MORTGAGE5US,-0.7299270072992706,NA,NA,NA,NA,NA,NA,NA,NA
2012-12-06,2.69,MORTGAGE5US,-1.1029411764705974,NA,NA,NA,NA,NA,NA,NA,NA
2012-12-13,2.7,MORTGAGE5US,0.3717472118959194,NA,NA,NA,NA,NA,NA,NA,NA
2012-12-20,2.71,MORTGAGE5US,0.37037037037036247,NA,NA,NA,NA,NA,NA,NA,NA
2012-12-27,2.7,MORTGAGE5US,-0.3690036900368925,NA,NA,NA,NA,NA,NA,NA,NA
2013-01-03,2.71,MORTGAGE5US,0.37037037037036247,NA,NA,NA,NA,NA,NA,NA,NA
2013-01-10,2.67,MORTGAGE5US,-1.4760147601476028,NA,NA,NA,NA,NA,NA,NA,NA
2013-01-17,2.67,MORTGAGE5US,0,NA,NA,NA,NA,NA,NA,NA,NA
2013-01-24,2.67,MORTGAGE5US,0,NA,NA,NA,NA,NA,NA,NA,NA
2013-01-31,2.7,MORTGAGE5US,1.123595505617987,NA,NA,NA,NA,NA,NA,NA,NA
2013-02-07,2.63,MORTGAGE5US,-2.5925925925926028,NA,NA,NA,NA,NA,NA,NA,NA
2013-02-14,2.64,MORTGAGE5US,0.3802281368821381,NA,NA,NA,NA,NA,NA,NA,NA
2013-02-21,2.64,MORTGAGE5US,0,NA,NA,NA,NA,NA,NA,NA,NA
2013-02-28,2.61,MORTGAGE5US,-1.1363636363636458,NA,NA,NA,NA,NA,NA,NA,NA
2013-03-07,2.63,MORTGAGE5US,0.7662835249042153,NA,NA,NA,NA,NA,NA,NA,NA
2013-03-14,2.61,MORTGAGE5US,-0.7604562737642593,NA,NA,NA,NA,NA,NA,NA,NA
2013-03-21,2.61,MORTGAGE5US,0,NA,NA,NA,NA,NA,NA,NA,NA
2013-03-28,2.68,MORTGAGE5US,2.681992337164762,NA,NA,NA,NA,NA,NA,NA,NA
2013-04-04,2.65,MORTGAGE5US,-1.119402985074636,NA,NA,NA,NA,NA,NA,NA,NA
2013-04-11,2.62,MORTGAGE5US,-1.1320754716981059,NA,NA,NA,NA,NA,NA,NA,NA
2013-04-18,2.6,MORTGAGE5US,-0.7633587786259549,NA,NA,NA,NA,NA,NA,NA,NA
2013-04-25,2.58,MORTGAGE5US,-0.7692307692307698,NA,NA,NA,NA,NA,NA,NA,NA
2013-05-02,2.56,MORTGAGE5US,-0.7751937984496131,NA,NA,NA,NA,NA,NA,NA,NA
2013-05-09,2.58,MORTGAGE5US,0.7812500000000007,NA,NA,NA,NA,NA,NA,NA,NA
2013-05-16,2.62,MORTGAGE5US,1.5503875968992262,NA,NA,NA,NA,NA,NA,NA,NA
2013-05-23,2.63,MORTGAGE5US,0.3816793893129689,NA,NA,NA,NA,NA,NA,NA,NA
2013-05-30,2.66,MORTGAGE5US,1.1406844106463974,NA,NA,NA,NA,NA,NA,NA,NA
2013-06-06,2.74,MORTGAGE5US,3.0075187969924837,NA,NA,NA,NA,NA,NA,NA,NA
2013-06-13,2.79,MORTGAGE5US,1.8248175182481685,NA,NA,NA,NA,NA,NA,NA,NA
2013-06-20,2.79,MORTGAGE5US,0,NA,NA,NA,NA,NA,NA,NA,NA
2013-06-27,3.08,MORTGAGE5US,10.394265232974911,NA,NA,NA,NA,NA,NA,NA,NA
2013-07-03,3.1,MORTGAGE5US,0.6493506493506499,NA,NA,NA,NA,NA,NA,NA,NA
2013-07-11,3.26,MORTGAGE5US,5.161290322580635,NA,NA,NA,NA,NA,NA,NA,NA
2013-07-18,3.17,MORTGAGE5US,-2.7607361963190145,NA,NA,NA,NA,NA,NA,NA,NA
2013-07-25,3.16,MORTGAGE5US,-0.3154574132492046,NA,NA,NA,NA,NA,NA,NA,NA
2013-08-01,3.18,MORTGAGE5US,0.6329113924050638,NA,NA,NA,NA,NA,NA,NA,NA
2013-08-08,3.19,MORTGAGE5US,0.3144654088050247,NA,NA,NA,NA,NA,NA,NA,NA
2013-08-15,3.23,MORTGAGE5US,1.2539184952978069,NA,NA,NA,NA,NA,NA,NA,NA
2013-08-22,3.21,MORTGAGE5US,-0.6191950464396291,NA,NA,NA,NA,NA,NA,NA,NA
2013-08-29,3.24,MORTGAGE5US,0.9345794392523442,NA,NA,NA,NA,NA,NA,NA,NA
2013-09-05,3.28,MORTGAGE5US,1.2345679012345552,NA,NA,NA,NA,NA,NA,NA,NA
2013-09-12,3.22,MORTGAGE5US,-1.829268292682915,NA,NA,NA,NA,NA,NA,NA,NA
2013-09-19,3.11,MORTGAGE5US,-3.416149068322991,NA,NA,NA,NA,NA,NA,NA,NA
2013-09-26,3.07,MORTGAGE5US,-1.2861736334405156,NA,NA,NA,NA,NA,NA,NA,NA
2013-10-03,3.03,MORTGAGE5US,-1.3029315960912065,NA,NA,NA,NA,NA,NA,NA,NA
2013-10-10,3.05,MORTGAGE5US,0.6600660066006607,NA,NA,NA,NA,NA,NA,NA,NA
2013-10-17,3.07,MORTGAGE5US,0.6557377049180334,NA,NA,NA,NA,NA,NA,NA,NA
2013-10-24,3,MORTGAGE5US,-2.280130293159604,NA,NA,NA,NA,NA,NA,NA,NA
2013-10-31,2.96,MORTGAGE5US,-1.3333333333333344,NA,NA,NA,NA,NA,NA,NA,NA
2013-11-07,2.96,MORTGAGE5US,0,NA,NA,NA,NA,NA,NA,NA,NA
2013-11-14,3.01,MORTGAGE5US,1.689189189189183,NA,NA,NA,NA,NA,NA,NA,NA
2013-11-21,2.95,MORTGAGE5US,-1.9933554817275618,NA,NA,NA,NA,NA,NA,NA,NA
2013-11-27,2.94,MORTGAGE5US,-0.33898305084746544,NA,NA,NA,NA,NA,NA,NA,NA
2013-12-05,2.99,MORTGAGE5US,1.7006802721088528,NA,NA,NA,NA,NA,NA,NA,NA
2013-12-12,2.94,MORTGAGE5US,-1.6722408026755942,NA,NA,NA,NA,NA,NA,NA,NA
2013-12-19,2.96,MORTGAGE5US,0.680272108843538,NA,NA,NA,NA,NA,NA,NA,NA
2013-12-26,3,MORTGAGE5US,1.3513513513513526,NA,NA,NA,NA,NA,NA,NA,NA
2014-01-02,3.05,MORTGAGE5US,1.6666666666666607,NA,NA,NA,NA,NA,NA,NA,NA
2014-01-09,3.15,MORTGAGE5US,3.2786885245901667,NA,NA,NA,NA,NA,NA,NA,NA
2014-01-16,3.1,MORTGAGE5US,-1.5873015873015817,NA,NA,NA,NA,NA,NA,NA,NA
2014-01-23,3.15,MORTGAGE5US,1.6129032258064457,NA,NA,NA,NA,NA,NA,NA,NA
2014-01-30,3.12,MORTGAGE5US,-0.9523809523809462,NA,NA,NA,NA,NA,NA,NA,NA
2014-02-06,3.08,MORTGAGE5US,-1.2820512820512833,NA,NA,NA,NA,NA,NA,NA,NA
2014-02-13,3.05,MORTGAGE5US,-0.9740259740259821,NA,NA,NA,NA,NA,NA,NA,NA
2014-02-20,3.08,MORTGAGE5US,0.9836065573770574,NA,NA,NA,NA,NA,NA,NA,NA
2014-02-27,3.05,MORTGAGE5US,-0.9740259740259821,NA,NA,NA,NA,NA,NA,NA,NA
2014-03-06,3.03,MORTGAGE5US,-0.6557377049180334,NA,NA,NA,NA,NA,NA,NA,NA
2014-03-13,3.09,MORTGAGE5US,1.980198019801982,NA,NA,NA,NA,NA,NA,NA,NA
2014-03-20,3.02,MORTGAGE5US,-2.2653721682847845,NA,NA,NA,NA,NA,NA,NA,NA
2014-03-27,3.1,MORTGAGE5US,2.6490066225165587,NA,NA,NA,NA,NA,NA,NA,NA
2014-04-03,3.12,MORTGAGE5US,0.6451612903225812,NA,NA,NA,NA,NA,NA,NA,NA
2014-04-10,3.09,MORTGAGE5US,-0.9615384615384694,NA,NA,NA,NA,NA,NA,NA,NA
2014-04-17,3.03,MORTGAGE5US,-1.9417475728155358,NA,NA,NA,NA,NA,NA,NA,NA
2014-04-24,3.03,MORTGAGE5US,0,NA,NA,NA,NA,NA,NA,NA,NA
2014-05-01,3.05,MORTGAGE5US,0.6600660066006607,NA,NA,NA,NA,NA,NA,NA,NA
2014-05-08,3.05,MORTGAGE5US,0,NA,NA,NA,NA,NA,NA,NA,NA
2014-05-15,3.01,MORTGAGE5US,-1.3114754098360668,NA,NA,NA,NA,NA,NA,NA,NA
2014-05-22,2.96,MORTGAGE5US,-1.6611295681063065,NA,NA,NA,NA,NA,NA,NA,NA
2014-05-29,2.96,MORTGAGE5US,0,NA,NA,NA,NA,NA,NA,NA,NA
2014-06-05,2.93,MORTGAGE5US,-1.013513513513507,NA,NA,NA,NA,NA,NA,NA,NA
2014-06-12,3.05,MORTGAGE5US,4.095563139931729,NA,NA,NA,NA,NA,NA,NA,NA
2014-06-19,3,MORTGAGE5US,-1.6393442622950762,NA,NA,NA,NA,NA,NA,NA,NA
2014-06-26,2.98,MORTGAGE5US,-0.6666666666666672,NA,NA,NA,NA,NA,NA,NA,NA
2014-07-03,2.98,MORTGAGE5US,0,NA,NA,NA,NA,NA,NA,NA,NA
2014-07-10,2.99,MORTGAGE5US,0.33557046979866545,NA,NA,NA,NA,NA,NA,NA,NA
2014-07-17,2.97,MORTGAGE5US,-0.6688963210702347,NA,NA,NA,NA,NA,NA,NA,NA
2014-07-24,2.99,MORTGAGE5US,0.673400673400674,NA,NA,NA,NA,NA,NA,NA,NA
2014-07-31,3.01,MORTGAGE5US,0.6688963210702198,NA,NA,NA,NA,NA,NA,NA,NA
2014-08-07,2.98,MORTGAGE5US,-0.9966777408637809,NA,NA,NA,NA,NA,NA,NA,NA
2014-08-14,2.97,MORTGAGE5US,-0.3355704697986506,NA,NA,NA,NA,NA,NA,NA,NA
2014-08-21,2.95,MORTGAGE5US,-0.673400673400674,NA,NA,NA,NA,NA,NA,NA,NA
2014-08-28,2.97,MORTGAGE5US,0.6779661016949159,NA,NA,NA,NA,NA,NA,NA,NA
2014-09-04,2.97,MORTGAGE5US,0,NA,NA,NA,NA,NA,NA,NA,NA
2014-09-11,2.99,MORTGAGE5US,0.673400673400674,NA,NA,NA,NA,NA,NA,NA,NA
2014-09-18,3.06,MORTGAGE5US,2.341137123745814,NA,NA,NA,NA,NA,NA,NA,NA
2014-09-25,3.08,MORTGAGE5US,0.6535947712418306,NA,NA,NA,NA,NA,NA,NA,NA
2014-10-02,3.06,MORTGAGE5US,-0.6493506493506499,NA,NA,NA,NA,NA,NA,NA,NA
2014-10-09,3.05,MORTGAGE5US,-0.3267973856209226,NA,NA,NA,NA,NA,NA,NA,NA
2014-10-16,2.92,MORTGAGE5US,-4.26229508196721,NA,NA,NA,NA,NA,NA,NA,NA
2014-10-23,2.91,MORTGAGE5US,-0.34246575342465024,NA,NA,NA,NA,NA,NA,NA,NA
2014-10-30,2.94,MORTGAGE5US,1.0309278350515396,NA,NA,NA,NA,NA,NA,NA,NA
2014-11-06,2.97,MORTGAGE5US,1.0204081632653146,NA,NA,NA,NA,NA,NA,NA,NA
2014-11-13,3.02,MORTGAGE5US,1.6835016835016776,NA,NA,NA,NA,NA,NA,NA,NA
2014-11-20,3.01,MORTGAGE5US,-0.33112582781457717,NA,NA,NA,NA,NA,NA,NA,NA
2014-11-26,3.01,MORTGAGE5US,0,NA,NA,NA,NA,NA,NA,NA,NA
2014-12-04,2.94,MORTGAGE5US,-2.325581395348832,NA,NA,NA,NA,NA,NA,NA,NA
2014-12-11,2.98,MORTGAGE5US,1.360544217687076,NA,NA,NA,NA,NA,NA,NA,NA
2014-12-18,2.95,MORTGAGE5US,-1.0067114093959666,NA,NA,NA,NA,NA,NA,NA,NA
2014-12-24,3.01,MORTGAGE5US,2.0338983050847323,NA,NA,NA,NA,NA,NA,NA,NA
2014-12-31,3.01,MORTGAGE5US,0,NA,NA,NA,NA,NA,NA,NA,NA
2015-01-08,2.98,MORTGAGE5US,-0.9966777408637809,NA,NA,NA,NA,NA,NA,NA,NA
2015-01-15,2.9,MORTGAGE5US,-2.684563758389264,NA,NA,NA,NA,NA,NA,NA,NA
2015-01-22,2.83,MORTGAGE5US,-2.4137931034482705,NA,NA,NA,NA,NA,NA,NA,NA
2015-01-29,2.86,MORTGAGE5US,1.060070671378085,NA,NA,NA,NA,NA,NA,NA,NA
2015-02-05,2.82,MORTGAGE5US,-1.3986013986014,NA,NA,NA,NA,NA,NA,NA,NA
2015-02-12,2.97,MORTGAGE5US,5.319148936170226,NA,NA,NA,NA,NA,NA,NA,NA
2015-02-19,2.97,MORTGAGE5US,0,NA,NA,NA,NA,NA,NA,NA,NA
2015-02-26,2.99,MORTGAGE5US,0.673400673400674,NA,NA,NA,NA,NA,NA,NA,NA
2015-03-05,2.96,MORTGAGE5US,-1.0033444816053594,NA,NA,NA,NA,NA,NA,NA,NA
2015-03-12,3.01,MORTGAGE5US,1.689189189189183,NA,NA,NA,NA,NA,NA,NA,NA
2015-03-19,2.97,MORTGAGE5US,-1.3289036544850363,NA,NA,NA,NA,NA,NA,NA,NA
2015-03-26,2.92,MORTGAGE5US,-1.6835016835016925,NA,NA,NA,NA,NA,NA,NA,NA
2015-04-02,2.92,MORTGAGE5US,0,NA,NA,NA,NA,NA,NA,NA,NA
2015-04-09,2.83,MORTGAGE5US,-3.0821917808219133,NA,NA,NA,NA,NA,NA,NA,NA
2015-04-16,2.88,MORTGAGE5US,1.7667844522968137,NA,NA,NA,NA,NA,NA,NA,NA
2015-04-23,2.84,MORTGAGE5US,-1.3888888888888902,NA,NA,NA,NA,NA,NA,NA,NA
2015-04-30,2.85,MORTGAGE5US,0.35211267605634616,NA,NA,NA,NA,NA,NA,NA,NA
2015-05-07,2.9,MORTGAGE5US,1.7543859649122744,NA,NA,NA,NA,NA,NA,NA,NA
2015-05-14,2.89,MORTGAGE5US,-0.3448275862068892,NA,NA,NA,NA,NA,NA,NA,NA
2015-05-21,2.88,MORTGAGE5US,-0.3460207612456827,NA,NA,NA,NA,NA,NA,NA,NA
2015-05-28,2.9,MORTGAGE5US,0.6944444444444451,NA,NA,NA,NA,NA,NA,NA,NA
2015-06-04,2.96,MORTGAGE5US,2.0689655172413812,NA,NA,NA,NA,NA,NA,NA,NA
2015-06-11,3.01,MORTGAGE5US,1.689189189189183,NA,NA,NA,NA,NA,NA,NA,NA
2015-06-18,3,MORTGAGE5US,-0.3322259136212554,NA,NA,NA,NA,NA,NA,NA,NA
2015-06-25,2.98,MORTGAGE5US,-0.6666666666666672,NA,NA,NA,NA,NA,NA,NA,NA
2015-07-02,2.99,MORTGAGE5US,0.33557046979866545,NA,NA,NA,NA,NA,NA,NA,NA
2015-07-09,2.93,MORTGAGE5US,-2.006688963210704,NA,NA,NA,NA,NA,NA,NA,NA
2015-07-16,2.96,MORTGAGE5US,1.0238907849829284,NA,NA,NA,NA,NA,NA,NA,NA
2015-07-23,2.97,MORTGAGE5US,0.33783783783784566,NA,NA,NA,NA,NA,NA,NA,NA
2015-07-30,2.95,MORTGAGE5US,-0.673400673400674,NA,NA,NA,NA,NA,NA,NA,NA
2015-08-06,2.95,MORTGAGE5US,0,NA,NA,NA,NA,NA,NA,NA,NA
2015-08-13,2.93,MORTGAGE5US,-0.6779661016949159,NA,NA,NA,NA,NA,NA,NA,NA
2015-08-20,2.94,MORTGAGE5US,0.34129692832763775,NA,NA,NA,NA,NA,NA,NA,NA
2015-08-27,2.9,MORTGAGE5US,-1.360544217687076,NA,NA,NA,NA,NA,NA,NA,NA
2015-09-03,2.93,MORTGAGE5US,1.0344827586206984,NA,NA,NA,NA,NA,NA,NA,NA
2015-09-10,2.91,MORTGAGE5US,-0.6825938566552906,NA,NA,NA,NA,NA,NA,NA,NA
2015-09-17,2.92,MORTGAGE5US,0.34364261168384147,NA,NA,NA,NA,NA,NA,NA,NA
2015-09-24,2.91,MORTGAGE5US,-0.34246575342465024,NA,NA,NA,NA,NA,NA,NA,NA
2015-10-01,2.91,MORTGAGE5US,0,NA,NA,NA,NA,NA,NA,NA,NA
2015-10-08,2.88,MORTGAGE5US,-1.030927835051555,NA,NA,NA,NA,NA,NA,NA,NA
2015-10-15,2.88,MORTGAGE5US,0,NA,NA,NA,NA,NA,NA,NA,NA
2015-10-22,2.89,MORTGAGE5US,0.34722222222223026,NA,NA,NA,NA,NA,NA,NA,NA
2015-10-29,2.89,MORTGAGE5US,0,NA,NA,NA,NA,NA,NA,NA,NA
2015-11-05,2.96,MORTGAGE5US,2.4221453287197177,NA,NA,NA,NA,NA,NA,NA,NA
2015-11-12,3.03,MORTGAGE5US,2.3648648648648596,NA,NA,NA,NA,NA,NA,NA,NA
2015-11-19,2.98,MORTGAGE5US,-1.6501650165016444,NA,NA,NA,NA,NA,NA,NA,NA
2015-11-25,3.01,MORTGAGE5US,1.0067114093959666,NA,NA,NA,NA,NA,NA,NA,NA
2015-12-03,2.99,MORTGAGE5US,-0.6644518272425108,NA,NA,NA,NA,NA,NA,NA,NA
2015-12-10,3.03,MORTGAGE5US,1.3377926421404545,NA,NA,NA,NA,NA,NA,NA,NA
2015-12-17,3.03,MORTGAGE5US,0,NA,NA,NA,NA,NA,NA,NA,NA
2015-12-24,3.06,MORTGAGE5US,0.9900990099009984,NA,NA,NA,NA,NA,NA,NA,NA
2015-12-31,3.08,MORTGAGE5US,0.6535947712418306,NA,NA,NA,NA,NA,NA,NA,NA
2016-01-07,3.09,MORTGAGE5US,0.32467532467531773,NA,NA,NA,NA,NA,NA,NA,NA
2016-01-14,3.01,MORTGAGE5US,-2.588996763754048,NA,NA,NA,NA,NA,NA,NA,NA
2016-01-21,2.91,MORTGAGE5US,-3.322259136212613,NA,NA,NA,NA,NA,NA,NA,NA
2016-01-28,2.9,MORTGAGE5US,-0.34364261168385674,NA,NA,NA,NA,NA,NA,NA,NA
2016-02-04,2.85,MORTGAGE5US,-1.7241379310344769,NA,NA,NA,NA,NA,NA,NA,NA
2016-02-11,2.83,MORTGAGE5US,-0.7017543859649129,NA,NA,NA,NA,NA,NA,NA,NA
2016-02-18,2.85,MORTGAGE5US,0.7067137809187285,NA,NA,NA,NA,NA,NA,NA,NA
2016-02-25,2.79,MORTGAGE5US,-2.1052631578947385,NA,NA,NA,NA,NA,NA,NA,NA
2016-03-03,2.84,MORTGAGE5US,1.7921146953404954,NA,NA,NA,NA,NA,NA,NA,NA
2016-03-10,2.92,MORTGAGE5US,2.8169014084507067,NA,NA,NA,NA,NA,NA,NA,NA
2016-03-17,2.93,MORTGAGE5US,0.34246575342466545,NA,NA,NA,NA,NA,NA,NA,NA
2016-03-24,2.89,MORTGAGE5US,-1.3651877133105812,NA,NA,NA,NA,NA,NA,NA,NA
2016-03-31,2.9,MORTGAGE5US,0.34602076124566733,NA,NA,NA,NA,NA,NA,NA,NA
2016-04-07,2.82,MORTGAGE5US,-2.758620689655175,NA,NA,NA,NA,NA,NA,NA,NA
2016-04-14,2.84,MORTGAGE5US,0.7092198581560291,NA,NA,NA,NA,NA,NA,NA,NA
2016-04-21,2.81,MORTGAGE5US,-1.0563380281690073,NA,NA,NA,NA,NA,NA,NA,NA
2016-04-28,2.86,MORTGAGE5US,1.7793594306049758,NA,NA,NA,NA,NA,NA,NA,NA
2016-05-05,2.8,MORTGAGE5US,-2.0979020979020997,NA,NA,NA,NA,NA,NA,NA,NA
2016-05-12,2.78,MORTGAGE5US,-0.714285714285715,NA,NA,NA,NA,NA,NA,NA,NA
2016-05-19,2.8,MORTGAGE5US,0.7194244604316554,NA,NA,NA,NA,NA,NA,NA,NA
2016-05-26,2.87,MORTGAGE5US,2.50000000000001,NA,NA,NA,NA,NA,NA,NA,NA
2016-06-02,2.88,MORTGAGE5US,0.34843205574912145,NA,NA,NA,NA,NA,NA,NA,NA
2016-06-09,2.82,MORTGAGE5US,-2.0833333333333353,NA,NA,NA,NA,NA,NA,NA,NA
2016-06-16,2.74,MORTGAGE5US,-2.8368794326241007,NA,NA,NA,NA,NA,NA,NA,NA
2016-06-23,2.74,MORTGAGE5US,0,NA,NA,NA,NA,NA,NA,NA,NA
2016-06-30,2.7,MORTGAGE5US,-1.4598540145985412,NA,NA,NA,NA,NA,NA,NA,NA
2016-07-07,2.68,MORTGAGE5US,-0.7407407407407414,NA,NA,NA,NA,NA,NA,NA,NA
2016-07-14,2.76,MORTGAGE5US,2.9850746268656576,NA,NA,NA,NA,NA,NA,NA,NA
2016-07-21,2.78,MORTGAGE5US,0.724637681159421,NA,NA,NA,NA,NA,NA,NA,NA
2016-07-28,2.78,MORTGAGE5US,0,NA,NA,NA,NA,NA,NA,NA,NA
2016-08-04,2.73,MORTGAGE5US,-1.7985611510791304,NA,NA,NA,NA,NA,NA,NA,NA
2016-08-11,2.74,MORTGAGE5US,0.36630036630037477,NA,NA,NA,NA,NA,NA,NA,NA
2016-08-18,2.76,MORTGAGE5US,0.7299270072992544,NA,NA,NA,NA,NA,NA,NA,NA
2016-08-25,2.75,MORTGAGE5US,-0.36231884057970243,NA,NA,NA,NA,NA,NA,NA,NA
2016-09-01,2.83,MORTGAGE5US,2.9090909090909114,NA,NA,NA,NA,NA,NA,NA,NA
2016-09-08,2.81,MORTGAGE5US,-0.7067137809187285,NA,NA,NA,NA,NA,NA,NA,NA
2016-09-15,2.82,MORTGAGE5US,0.35587188612098886,NA,NA,NA,NA,NA,NA,NA,NA
2016-09-22,2.8,MORTGAGE5US,-0.7092198581560291,NA,NA,NA,NA,NA,NA,NA,NA
2016-09-29,2.81,MORTGAGE5US,0.3571428571428654,NA,NA,NA,NA,NA,NA,NA,NA
2016-10-06,2.8,MORTGAGE5US,-0.3558718861210047,NA,NA,NA,NA,NA,NA,NA,NA
2016-10-13,2.82,MORTGAGE5US,0.714285714285715,NA,NA,NA,NA,NA,NA,NA,NA
2016-10-20,2.85,MORTGAGE5US,1.0638297872340514,NA,NA,NA,NA,NA,NA,NA,NA
2016-10-27,2.84,MORTGAGE5US,-0.3508771929824642,NA,NA,NA,NA,NA,NA,NA,NA
2016-11-03,2.87,MORTGAGE5US,1.056338028169023,NA,NA,NA,NA,NA,NA,NA,NA
2016-11-10,2.88,MORTGAGE5US,0.34843205574912145,NA,NA,NA,NA,NA,NA,NA,NA
2016-11-17,3.07,MORTGAGE5US,6.597222222222221,NA,NA,NA,NA,NA,NA,NA,NA
2016-11-23,3.12,MORTGAGE5US,1.6286644951140152,NA,NA,NA,NA,NA,NA,NA,NA
2016-12-01,3.15,MORTGAGE5US,0.9615384615384551,NA,NA,NA,NA,NA,NA,NA,NA
2016-12-08,3.17,MORTGAGE5US,0.6349206349206356,NA,NA,NA,NA,NA,NA,NA,NA
2016-12-15,3.19,MORTGAGE5US,0.6309148264984233,NA,NA,NA,NA,NA,NA,NA,NA
2016-12-22,3.32,MORTGAGE5US,4.075235109717865,NA,NA,NA,NA,NA,NA,NA,NA
2016-12-29,3.3,MORTGAGE5US,-0.6024096385542175,NA,NA,NA,NA,NA,NA,NA,NA
2017-01-05,3.33,MORTGAGE5US,0.9090909090909167,NA,NA,NA,NA,NA,NA,NA,NA
2017-01-12,3.23,MORTGAGE5US,-3.003003003003006,NA,NA,NA,NA,NA,NA,NA,NA
2017-01-19,3.21,MORTGAGE5US,-0.6191950464396291,NA,NA,NA,NA,NA,NA,NA,NA
2017-01-26,3.2,MORTGAGE5US,-0.3115264797507722,NA,NA,NA,NA,NA,NA,NA,NA
2017-02-02,3.23,MORTGAGE5US,0.9374999999999939,NA,NA,NA,NA,NA,NA,NA,NA
2017-02-09,3.21,MORTGAGE5US,-0.6191950464396291,NA,NA,NA,NA,NA,NA,NA,NA
2017-02-16,3.18,MORTGAGE5US,-0.9345794392523303,NA,NA,NA,NA,NA,NA,NA,NA
2017-02-23,3.16,MORTGAGE5US,-0.6289308176100634,NA,NA,NA,NA,NA,NA,NA,NA
2017-03-02,3.14,MORTGAGE5US,-0.6329113924050638,NA,NA,NA,NA,NA,NA,NA,NA
2017-03-09,3.23,MORTGAGE5US,2.866242038216556,NA,NA,NA,NA,NA,NA,NA,NA
2017-03-16,3.28,MORTGAGE5US,1.5479876160990658,NA,NA,NA,NA,NA,NA,NA,NA
2017-03-23,3.24,MORTGAGE5US,-1.2195121951219388,NA,NA,NA,NA,NA,NA,NA,NA
2017-03-30,3.18,MORTGAGE5US,-1.8518518518518534,NA,NA,NA,NA,NA,NA,NA,NA
2017-04-06,3.19,MORTGAGE5US,0.3144654088050247,NA,NA,NA,NA,NA,NA,NA,NA
2017-04-13,3.18,MORTGAGE5US,-0.3134796238244447,NA,NA,NA,NA,NA,NA,NA,NA
2017-04-20,3.1,MORTGAGE5US,-2.5157232704402537,NA,NA,NA,NA,NA,NA,NA,NA
2017-04-27,3.12,MORTGAGE5US,0.6451612903225812,NA,NA,NA,NA,NA,NA,NA,NA
2017-05-04,3.13,MORTGAGE5US,0.32051282051281366,NA,NA,NA,NA,NA,NA,NA,NA
2017-05-11,3.14,MORTGAGE5US,0.3194888178913812,NA,NA,NA,NA,NA,NA,NA,NA
2017-05-18,3.13,MORTGAGE5US,-0.3184713375796252,NA,NA,NA,NA,NA,NA,NA,NA
2017-05-25,3.07,MORTGAGE5US,-1.9169329073482444,NA,NA,NA,NA,NA,NA,NA,NA
2017-06-01,3.11,MORTGAGE5US,1.3029315960912065,NA,NA,NA,NA,NA,NA,NA,NA
2017-06-08,3.11,MORTGAGE5US,0,NA,NA,NA,NA,NA,NA,NA,NA
2017-06-15,3.15,MORTGAGE5US,1.2861736334405156,NA,NA,NA,NA,NA,NA,NA,NA
2017-06-22,3.14,MORTGAGE5US,-0.31746031746031067,NA,NA,NA,NA,NA,NA,NA,NA
2017-06-29,3.17,MORTGAGE5US,0.9554140127388472,NA,NA,NA,NA,NA,NA,NA,NA
2017-07-06,3.21,MORTGAGE5US,1.2618296529968467,NA,NA,NA,NA,NA,NA,NA,NA
2017-07-13,3.28,MORTGAGE5US,2.1806853582554466,NA,NA,NA,NA,NA,NA,NA,NA
2017-07-20,3.21,MORTGAGE5US,-2.13414634146341,NA,NA,NA,NA,NA,NA,NA,NA
2017-07-27,3.18,MORTGAGE5US,-0.9345794392523303,NA,NA,NA,NA,NA,NA,NA,NA
2017-08-03,3.15,MORTGAGE5US,-0.9433962264151021,NA,NA,NA,NA,NA,NA,NA,NA
2017-08-10,3.14,MORTGAGE5US,-0.31746031746031067,NA,NA,NA,NA,NA,NA,NA,NA
2017-08-17,3.16,MORTGAGE5US,0.6369426751592362,NA,NA,NA,NA,NA,NA,NA,NA
2017-08-24,3.17,MORTGAGE5US,0.3164556962025249,NA,NA,NA,NA,NA,NA,NA,NA
2017-08-31,3.14,MORTGAGE5US,-0.946372239747628,NA,NA,NA,NA,NA,NA,NA,NA
2017-09-07,3.15,MORTGAGE5US,0.31847133757961105,NA,NA,NA,NA,NA,NA,NA,NA
2017-09-14,3.13,MORTGAGE5US,-0.6349206349206356,NA,NA,NA,NA,NA,NA,NA,NA
2017-09-21,3.17,MORTGAGE5US,1.2779552715654963,NA,NA,NA,NA,NA,NA,NA,NA
2017-09-28,3.2,MORTGAGE5US,0.9463722397476418,NA,NA,NA,NA,NA,NA,NA,NA
2017-10-05,3.18,MORTGAGE5US,-0.6250000000000006,NA,NA,NA,NA,NA,NA,NA,NA
2017-10-12,3.16,MORTGAGE5US,-0.6289308176100634,NA,NA,NA,NA,NA,NA,NA,NA
2017-10-19,3.17,MORTGAGE5US,0.3164556962025249,NA,NA,NA,NA,NA,NA,NA,NA
2017-10-26,3.21,MORTGAGE5US,1.2618296529968467,NA,NA,NA,NA,NA,NA,NA,NA
2017-11-02,3.23,MORTGAGE5US,0.6230529595015583,NA,NA,NA,NA,NA,NA,NA,NA
2017-11-09,3.22,MORTGAGE5US,-0.3095975232198076,NA,NA,NA,NA,NA,NA,NA,NA
2017-11-16,3.21,MORTGAGE5US,-0.31055900621118726,NA,NA,NA,NA,NA,NA,NA,NA
2017-11-22,3.22,MORTGAGE5US,0.311526479750786,NA,NA,NA,NA,NA,NA,NA,NA
2017-11-30,3.32,MORTGAGE5US,3.1055900621117902,NA,NA,NA,NA,NA,NA,NA,NA
2017-12-07,3.35,MORTGAGE5US,0.9036144578313329,NA,NA,NA,NA,NA,NA,NA,NA
2017-12-14,3.36,MORTGAGE5US,0.2985074626865608,NA,NA,NA,NA,NA,NA,NA,NA
2017-12-21,3.39,MORTGAGE5US,0.8928571428571502,NA,NA,NA,NA,NA,NA,NA,NA
2017-12-28,3.47,MORTGAGE5US,2.359882005899707,NA,NA,NA,NA,NA,NA,NA,NA
2018-01-04,3.45,MORTGAGE5US,-0.5763688760806921,NA,NA,NA,NA,NA,NA,NA,NA
2018-01-11,3.46,MORTGAGE5US,0.2898550724637619,NA,NA,NA,NA,NA,NA,NA,NA
2018-01-18,3.46,MORTGAGE5US,0,NA,NA,NA,NA,NA,NA,NA,NA
2018-01-25,3.52,MORTGAGE5US,1.7341040462427761,NA,NA,NA,NA,NA,NA,NA,NA
2018-02-01,3.53,MORTGAGE5US,0.284090909090903,NA,NA,NA,NA,NA,NA,NA,NA
2018-02-08,3.57,MORTGAGE5US,1.133144475920681,NA,NA,NA,NA,NA,NA,NA,NA
2018-02-15,3.63,MORTGAGE5US,1.6806722689075646,NA,NA,NA,NA,NA,NA,NA,NA
2018-02-22,3.65,MORTGAGE5US,0.5509641873278243,NA,NA,NA,NA,NA,NA,NA,NA
2018-03-01,3.62,MORTGAGE5US,-0.8219178082191728,NA,NA,NA,NA,NA,NA,NA,NA
2018-03-08,3.63,MORTGAGE5US,0.276243093922646,NA,NA,NA,NA,NA,NA,NA,NA
2018-03-15,3.67,MORTGAGE5US,1.1019283746556485,NA,NA,NA,NA,NA,NA,NA,NA
2018-03-22,3.68,MORTGAGE5US,0.27247956403270385,NA,NA,NA,NA,NA,NA,NA,NA
2018-03-29,3.66,MORTGAGE5US,-0.5434782608695656,NA,NA,NA,NA,NA,NA,NA,NA
2018-04-05,3.62,MORTGAGE5US,-1.0928961748633887,NA,NA,NA,NA,NA,NA,NA,NA
2018-04-12,3.61,MORTGAGE5US,-0.2762430939226583,NA,NA,NA,NA,NA,NA,NA,NA
2018-04-19,3.67,MORTGAGE5US,1.6620498614958463,NA,NA,NA,NA,NA,NA,NA,NA
2018-04-26,3.74,MORTGAGE5US,1.9073569482288906,NA,NA,NA,NA,NA,NA,NA,NA
2018-05-03,3.69,MORTGAGE5US,-1.3368983957219323,NA,NA,NA,NA,NA,NA,NA,NA
2018-05-10,3.77,MORTGAGE5US,2.168021680216804,NA,NA,NA,NA,NA,NA,NA,NA
2018-05-17,3.82,MORTGAGE5US,1.3262599469495973,NA,NA,NA,NA,NA,NA,NA,NA
2018-05-24,3.87,MORTGAGE5US,1.3089005235602165,NA,NA,NA,NA,NA,NA,NA,NA
2018-05-31,3.8,MORTGAGE5US,-1.8087855297157693,NA,NA,NA,NA,NA,NA,NA,NA
2018-06-07,3.74,MORTGAGE5US,-1.5789473684210422,NA,NA,NA,NA,NA,NA,NA,NA
2018-06-14,3.83,MORTGAGE5US,2.4064171122994615,NA,NA,NA,NA,NA,NA,NA,NA
2018-06-21,3.83,MORTGAGE5US,0,NA,NA,NA,NA,NA,NA,NA,NA
2018-06-28,3.87,MORTGAGE5US,1.044386422976502,NA,NA,NA,NA,NA,NA,NA,NA
2018-07-05,3.74,MORTGAGE5US,-3.3591731266149845,NA,NA,NA,NA,NA,NA,NA,NA
2018-07-12,3.86,MORTGAGE5US,3.208556149732611,NA,NA,NA,NA,NA,NA,NA,NA
2018-07-19,3.87,MORTGAGE5US,0.25906735751295934,NA,NA,NA,NA,NA,NA,NA,NA
2018-07-26,3.87,MORTGAGE5US,0,NA,NA,NA,NA,NA,NA,NA,NA
2018-08-02,3.93,MORTGAGE5US,1.5503875968992262,NA,NA,NA,NA,NA,NA,NA,NA
2018-08-09,3.9,MORTGAGE5US,-0.7633587786259605,NA,NA,NA,NA,NA,NA,NA,NA
2018-08-16,3.87,MORTGAGE5US,-0.7692307692307643,NA,NA,NA,NA,NA,NA,NA,NA
2018-08-23,3.82,MORTGAGE5US,-1.2919896640826942,NA,NA,NA,NA,NA,NA,NA,NA
2018-08-30,3.85,MORTGAGE5US,0.7853403141361323,NA,NA,NA,NA,NA,NA,NA,NA
2018-09-06,3.93,MORTGAGE5US,2.0779220779220795,NA,NA,NA,NA,NA,NA,NA,NA
2018-09-13,3.93,MORTGAGE5US,0,NA,NA,NA,NA,NA,NA,NA,NA
2018-09-20,3.92,MORTGAGE5US,-0.2544529262086573,NA,NA,NA,NA,NA,NA,NA,NA
2018-09-27,3.97,MORTGAGE5US,1.2755102040816395,NA,NA,NA,NA,NA,NA,NA,NA
2018-10-04,4.01,MORTGAGE5US,1.007556675062962,NA,NA,NA,NA,NA,NA,NA,NA
2018-10-11,4.07,MORTGAGE5US,1.4962593516209601,NA,NA,NA,NA,NA,NA,NA,NA
2018-10-18,4.1,MORTGAGE5US,0.7371007371007213,NA,NA,NA,NA,NA,NA,NA,NA
2018-10-25,4.14,MORTGAGE5US,0.9756097560975618,NA,NA,NA,NA,NA,NA,NA,NA
2018-11-01,4.04,MORTGAGE5US,-2.4154589371980593,NA,NA,NA,NA,NA,NA,NA,NA
2018-11-08,4.14,MORTGAGE5US,2.4752475247524663,NA,NA,NA,NA,NA,NA,NA,NA
2018-11-15,4.14,MORTGAGE5US,0,NA,NA,NA,NA,NA,NA,NA,NA
2018-11-21,4.09,MORTGAGE5US,-1.2077294685990296,NA,NA,NA,NA,NA,NA,NA,NA
2018-11-29,4.12,MORTGAGE5US,0.7334963325183435,NA,NA,NA,NA,NA,NA,NA,NA
2018-12-06,4.07,MORTGAGE5US,-1.2135922330097044,NA,NA,NA,NA,NA,NA,NA,NA
2018-12-13,4.04,MORTGAGE5US,-0.7371007371007432,NA,NA,NA,NA,NA,NA,NA,NA
2018-12-20,3.98,MORTGAGE5US,-1.4851485148514865,NA,NA,NA,NA,NA,NA,NA,NA
2018-12-27,4,MORTGAGE5US,0.5025125628140708,NA,NA,NA,NA,NA,NA,NA,NA
2019-01-03,3.98,MORTGAGE5US,-0.5000000000000004,NA,NA,NA,NA,NA,NA,NA,NA
2019-01-10,3.83,MORTGAGE5US,-3.768844221105525,NA,NA,NA,NA,NA,NA,NA,NA
2019-01-17,3.87,MORTGAGE5US,1.044386422976502,NA,NA,NA,NA,NA,NA,NA,NA
2019-01-24,3.9,MORTGAGE5US,0.7751937984496073,NA,NA,NA,NA,NA,NA,NA,NA
2019-01-31,3.96,MORTGAGE5US,1.5384615384615399,NA,NA,NA,NA,NA,NA,NA,NA
2019-02-07,3.91,MORTGAGE5US,-1.262626262626258,NA,NA,NA,NA,NA,NA,NA,NA
2019-02-14,3.88,MORTGAGE5US,-0.7672634271099807,NA,NA,NA,NA,NA,NA,NA,NA
2019-02-21,3.84,MORTGAGE5US,-1.0309278350515474,NA,NA,NA,NA,NA,NA,NA,NA
2019-02-28,3.84,MORTGAGE5US,0,NA,NA,NA,NA,NA,NA,NA,NA
2019-03-07,3.87,MORTGAGE5US,0.7812500000000066,NA,NA,NA,NA,NA,NA,NA,NA
2019-03-14,3.84,MORTGAGE5US,-0.7751937984496188,NA,NA,NA,NA,NA,NA,NA,NA
2019-03-21,3.84,MORTGAGE5US,0,NA,NA,NA,NA,NA,NA,NA,NA
2019-03-28,3.75,MORTGAGE5US,-2.3437499999999964,NA,NA,NA,NA,NA,NA,NA,NA
2019-04-04,3.66,MORTGAGE5US,-2.3999999999999964,NA,NA,NA,NA,NA,NA,NA,NA
2019-04-11,3.8,MORTGAGE5US,3.825136612021849,NA,NA,NA,NA,NA,NA,NA,NA
2019-04-18,3.78,MORTGAGE5US,-0.5263157894736847,NA,NA,NA,NA,NA,NA,NA,NA
2019-04-25,3.77,MORTGAGE5US,-0.26455026455025893,NA,NA,NA,NA,NA,NA,NA,NA
2019-05-02,3.68,MORTGAGE5US,-2.3872679045092804,NA,NA,NA,NA,NA,NA,NA,NA
2019-05-09,3.63,MORTGAGE5US,-1.3586956521739202,NA,NA,NA,NA,NA,NA,NA,NA
2019-05-16,3.66,MORTGAGE5US,0.8264462809917426,NA,NA,NA,NA,NA,NA,NA,NA
2019-05-23,3.68,MORTGAGE5US,0.5464480874316944,NA,NA,NA,NA,NA,NA,NA,NA
2019-05-30,3.6,MORTGAGE5US,-2.1739130434782625,NA,NA,NA,NA,NA,NA,NA,NA
2019-06-06,3.52,MORTGAGE5US,-2.222222222222224,NA,NA,NA,NA,NA,NA,NA,NA
2019-06-13,3.51,MORTGAGE5US,-0.28409090909091567,NA,NA,NA,NA,NA,NA,NA,NA
2019-06-20,3.48,MORTGAGE5US,-0.8547008547008492,NA,NA,NA,NA,NA,NA,NA,NA
2019-06-27,3.39,MORTGAGE5US,-2.5862068965517198,NA,NA,NA,NA,NA,NA,NA,NA
2019-07-03,3.45,MORTGAGE5US,1.7699115044247802,5/1-Year Adjustable Rate Mortgage Average in the United States (DISCONTINUED),W,%,NSA,2022-11-10 11:01:06-06,61,2005-01-06,NA
2019-07-11,3.46,MORTGAGE5US,0.2898550724637619,5/1-Year Adjustable Rate Mortgage Average in the United States (DISCONTINUED),W,%,NSA,2022-11-10 11:01:06-06,61,2005-01-06,NA
2019-07-18,3.48,MORTGAGE5US,0.5780346820809253,5/1-Year Adjustable Rate Mortgage Average in the United States (DISCONTINUED),W,%,NSA,2022-11-10 11:01:06-06,61,2005-01-06,NA
2019-07-25,3.47,MORTGAGE5US,-0.28735632183907434,5/1-Year Adjustable Rate Mortgage Average in the United States (DISCONTINUED),W,%,NSA,2022-11-10 11:01:06-06,61,2005-01-06,NA
2019-08-01,3.46,MORTGAGE5US,-0.2881844380403525,5/1-Year Adjustable Rate Mortgage Average in the United States (DISCONTINUED),W,%,NSA,2022-11-10 11:01:06-06,61,2005-01-06,NA
2019-08-08,3.36,MORTGAGE5US,-2.890173410404627,5/1-Year Adjustable Rate Mortgage Average in the United States (DISCONTINUED),W,%,NSA,2022-11-10 11:01:06-06,61,2005-01-06,NA
2019-08-15,3.35,MORTGAGE5US,-0.2976190476190413,5/1-Year Adjustable Rate Mortgage Average in the United States (DISCONTINUED),W,%,NSA,2022-11-10 11:01:06-06,61,2005-01-06,NA
2019-08-22,3.32,MORTGAGE5US,-0.8955223880597089,5/1-Year Adjustable Rate Mortgage Average in the United States (DISCONTINUED),W,%,NSA,2022-11-10 11:01:06-06,61,2005-01-06,NA
2019-08-29,3.31,MORTGAGE5US,-0.301204819277102,5/1-Year Adjustable Rate Mortgage Average in the United States (DISCONTINUED),W,%,NSA,2022-11-10 11:01:06-06,61,2005-01-06,NA
2019-09-05,3.3,MORTGAGE5US,-0.3021148036253846,5/1-Year Adjustable Rate Mortgage Average in the United States (DISCONTINUED),W,%,NSA,2022-11-10 11:01:06-06,61,2005-01-06,NA
2019-09-12,3.36,MORTGAGE5US,1.81818181818182,5/1-Year Adjustable Rate Mortgage Average in the United States (DISCONTINUED),W,%,NSA,2022-11-10 11:01:06-06,61,2005-01-06,NA
2019-09-19,3.49,MORTGAGE5US,3.869047619047629,5/1-Year Adjustable Rate Mortgage Average in the United States (DISCONTINUED),W,%,NSA,2022-11-10 11:01:06-06,61,2005-01-06,NA
2019-09-26,3.38,MORTGAGE5US,-3.15186246418339,5/1-Year Adjustable Rate Mortgage Average in the United States (DISCONTINUED),W,%,NSA,2022-11-10 11:01:06-06,61,2005-01-06,NA
2019-10-03,3.38,MORTGAGE5US,0,5/1-Year Adjustable Rate Mortgage Average in the United States (DISCONTINUED),W,%,NSA,2022-11-10 11:01:06-06,61,2005-01-06,NA
2019-10-10,3.35,MORTGAGE5US,-0.8875739644970357,5/1-Year Adjustable Rate Mortgage Average in the United States (DISCONTINUED),W,%,NSA,2022-11-10 11:01:06-06,61,2005-01-06,NA
2019-10-17,3.35,MORTGAGE5US,0,5/1-Year Adjustable Rate Mortgage Average in the United States (DISCONTINUED),W,%,NSA,2022-11-10 11:01:06-06,61,2005-01-06,NA
2019-10-24,3.4,MORTGAGE5US,1.4925373134328304,5/1-Year Adjustable Rate Mortgage Average in the United States (DISCONTINUED),W,%,NSA,2022-11-10 11:01:06-06,61,2005-01-06,NA
2019-10-31,3.43,MORTGAGE5US,0.8823529411764779,5/1-Year Adjustable Rate Mortgage Average in the United States (DISCONTINUED),W,%,NSA,2022-11-10 11:01:06-06,61,2005-01-06,NA
2019-11-07,3.39,MORTGAGE5US,-1.1661807580174937,5/1-Year Adjustable Rate Mortgage Average in the United States (DISCONTINUED),W,%,NSA,2022-11-10 11:01:06-06,61,2005-01-06,NA
2019-11-14,3.44,MORTGAGE5US,1.4749262536873105,5/1-Year Adjustable Rate Mortgage Average in the United States (DISCONTINUED),W,%,NSA,2022-11-10 11:01:06-06,61,2005-01-06,NA
2019-11-21,3.39,MORTGAGE5US,-1.453488372093018,5/1-Year Adjustable Rate Mortgage Average in the United States (DISCONTINUED),W,%,NSA,2022-11-10 11:01:06-06,61,2005-01-06,NA
2019-11-27,3.43,MORTGAGE5US,1.1799410029498536,5/1-Year Adjustable Rate Mortgage Average in the United States (DISCONTINUED),W,%,NSA,2022-11-10 11:01:06-06,61,2005-01-06,NA
2019-12-05,3.39,MORTGAGE5US,-1.1661807580174937,5/1-Year Adjustable Rate Mortgage Average in the United States (DISCONTINUED),W,%,NSA,2022-11-10 11:01:06-06,61,2005-01-06,NA
2019-12-12,3.36,MORTGAGE5US,-0.8849557522123966,5/1-Year Adjustable Rate Mortgage Average in the United States (DISCONTINUED),W,%,NSA,2022-11-10 11:01:06-06,61,2005-01-06,NA
2019-12-19,3.37,MORTGAGE5US,0.2976190476190545,5/1-Year Adjustable Rate Mortgage Average in the United States (DISCONTINUED),W,%,NSA,2022-11-10 11:01:06-06,61,2005-01-06,NA
2019-12-26,3.45,MORTGAGE5US,2.373887240356085,5/1-Year Adjustable Rate Mortgage Average in the United States (DISCONTINUED),W,%,NSA,2022-11-10 11:01:06-06,61,2005-01-06,NA
2020-01-02,3.46,MORTGAGE5US,0.2898550724637619,5/1-Year Adjustable Rate Mortgage Average in the United States (DISCONTINUED),W,%,NSA,2022-11-10 11:01:06-06,61,2005-01-06,NA
2020-01-09,3.3,MORTGAGE5US,-4.624277456647403,5/1-Year Adjustable Rate Mortgage Average in the United States (DISCONTINUED),W,%,NSA,2022-11-10 11:01:06-06,61,2005-01-06,NA
2020-01-16,3.39,MORTGAGE5US,2.7272727272727364,5/1-Year Adjustable Rate Mortgage Average in the United States (DISCONTINUED),W,%,NSA,2022-11-10 11:01:06-06,61,2005-01-06,NA
2020-01-23,3.28,MORTGAGE5US,-3.2448377581121033,5/1-Year Adjustable Rate Mortgage Average in the United States (DISCONTINUED),W,%,NSA,2022-11-10 11:01:06-06,61,2005-01-06,NA
2020-01-30,3.24,MORTGAGE5US,-1.2195121951219388,5/1-Year Adjustable Rate Mortgage Average in the United States (DISCONTINUED),W,%,NSA,2022-11-10 11:01:06-06,61,2005-01-06,NA
2020-02-06,3.32,MORTGAGE5US,2.469135802469124,5/1-Year Adjustable Rate Mortgage Average in the United States (DISCONTINUED),W,%,NSA,2022-11-10 11:01:06-06,61,2005-01-06,NA
2020-02-13,3.28,MORTGAGE5US,-1.204819277108435,5/1-Year Adjustable Rate Mortgage Average in the United States (DISCONTINUED),W,%,NSA,2022-11-10 11:01:06-06,61,2005-01-06,NA
2020-02-20,3.25,MORTGAGE5US,-0.9146341463414575,5/1-Year Adjustable Rate Mortgage Average in the United States (DISCONTINUED),W,%,NSA,2022-11-10 11:01:06-06,61,2005-01-06,NA
2020-02-27,3.2,MORTGAGE5US,-1.538461538461533,5/1-Year Adjustable Rate Mortgage Average in the United States (DISCONTINUED),W,%,NSA,2022-11-10 11:01:06-06,61,2005-01-06,NA
2020-03-05,3.18,MORTGAGE5US,-0.6250000000000006,5/1-Year Adjustable Rate Mortgage Average in the United States (DISCONTINUED),W,%,NSA,2022-11-10 11:01:06-06,61,2005-01-06,NA
2020-03-12,3.01,MORTGAGE5US,-5.345911949685546,5/1-Year Adjustable Rate Mortgage Average in the United States (DISCONTINUED),W,%,NSA,2022-11-10 11:01:06-06,61,2005-01-06,NA
2020-03-19,3.11,MORTGAGE5US,3.3222591362126277,5/1-Year Adjustable Rate Mortgage Average in the United States (DISCONTINUED),W,%,NSA,2022-11-10 11:01:06-06,61,2005-01-06,NA
2020-03-26,3.34,MORTGAGE5US,7.395498392282958,5/1-Year Adjustable Rate Mortgage Average in the United States (DISCONTINUED),W,%,NSA,2022-11-10 11:01:06-06,61,2005-01-06,NA
2020-04-02,3.4,MORTGAGE5US,1.7964071856287442,5/1-Year Adjustable Rate Mortgage Average in the United States (DISCONTINUED),W,%,NSA,2022-11-10 11:01:06-06,61,2005-01-06,NA
2020-04-09,3.4,MORTGAGE5US,0,5/1-Year Adjustable Rate Mortgage Average in the United States (DISCONTINUED),W,%,NSA,2022-11-10 11:01:06-06,61,2005-01-06,NA
2020-04-16,3.34,MORTGAGE5US,-1.764705882352943,5/1-Year Adjustable Rate Mortgage Average in the United States (DISCONTINUED),W,%,NSA,2022-11-10 11:01:06-06,61,2005-01-06,NA
2020-04-23,3.28,MORTGAGE5US,-1.7964071856287442,5/1-Year Adjustable Rate Mortgage Average in the United States (DISCONTINUED),W,%,NSA,2022-11-10 11:01:06-06,61,2005-01-06,NA
2020-04-30,3.14,MORTGAGE5US,-4.26829268292682,5/1-Year Adjustable Rate Mortgage Average in the United States (DISCONTINUED),W,%,NSA,2022-11-10 11:01:06-06,61,2005-01-06,NA
2020-05-07,3.17,MORTGAGE5US,0.9554140127388472,5/1-Year Adjustable Rate Mortgage Average in the United States (DISCONTINUED),W,%,NSA,2022-11-10 11:01:06-06,61,2005-01-06,NA
2020-05-14,3.18,MORTGAGE5US,0.3154574132492186,5/1-Year Adjustable Rate Mortgage Average in the United States (DISCONTINUED),W,%,NSA,2022-11-10 11:01:06-06,61,2005-01-06,NA
2020-05-21,3.17,MORTGAGE5US,-0.3144654088050387,5/1-Year Adjustable Rate Mortgage Average in the United States (DISCONTINUED),W,%,NSA,2022-11-10 11:01:06-06,61,2005-01-06,NA
2020-05-28,3.13,MORTGAGE5US,-1.2618296529968467,5/1-Year Adjustable Rate Mortgage Average in the United States (DISCONTINUED),W,%,NSA,2022-11-10 11:01:06-06,61,2005-01-06,NA
2020-06-04,3.1,MORTGAGE5US,-0.9584664536741151,5/1-Year Adjustable Rate Mortgage Average in the United States (DISCONTINUED),W,%,NSA,2022-11-10 11:01:06-06,61,2005-01-06,NA
2020-06-11,3.1,MORTGAGE5US,0,5/1-Year Adjustable Rate Mortgage Average in the United States (DISCONTINUED),W,%,NSA,2022-11-10 11:01:06-06,61,2005-01-06,NA
2020-06-18,3.09,MORTGAGE5US,-0.3225806451612978,5/1-Year Adjustable Rate Mortgage Average in the United States (DISCONTINUED),W,%,NSA,2022-11-10 11:01:06-06,61,2005-01-06,NA
2020-06-25,3.08,MORTGAGE5US,-0.32362459546924877,5/1-Year Adjustable Rate Mortgage Average in the United States (DISCONTINUED),W,%,NSA,2022-11-10 11:01:06-06,61,2005-01-06,NA
2020-07-02,3,MORTGAGE5US,-2.5974025974025996,5/1-Year Adjustable Rate Mortgage Average in the United States (DISCONTINUED),W,%,NSA,2022-11-10 11:01:06-06,61,2005-01-06,NA
2020-07-09,3.02,MORTGAGE5US,0.6666666666666672,5/1-Year Adjustable Rate Mortgage Average in the United States (DISCONTINUED),W,%,NSA,2022-11-10 11:01:06-06,61,2005-01-06,NA
2020-07-16,3.06,MORTGAGE5US,1.3245033112582794,5/1-Year Adjustable Rate Mortgage Average in the United States (DISCONTINUED),W,%,NSA,2022-11-10 11:01:06-06,61,2005-01-06,NA
2020-07-23,3.09,MORTGAGE5US,0.9803921568627386,5/1-Year Adjustable Rate Mortgage Average in the United States (DISCONTINUED),W,%,NSA,2022-11-10 11:01:06-06,61,2005-01-06,NA
2020-07-30,2.94,MORTGAGE5US,-4.854368932038832,5/1-Year Adjustable Rate Mortgage Average in the United States (DISCONTINUED),W,%,NSA,2022-11-10 11:01:06-06,61,2005-01-06,NA
2020-08-06,2.9,MORTGAGE5US,-1.360544217687076,5/1-Year Adjustable Rate Mortgage Average in the United States (DISCONTINUED),W,%,NSA,2022-11-10 11:01:06-06,61,2005-01-06,NA
2020-08-13,2.9,MORTGAGE5US,0,5/1-Year Adjustable Rate Mortgage Average in the United States (DISCONTINUED),W,%,NSA,2022-11-10 11:01:06-06,61,2005-01-06,NA
2020-08-20,2.91,MORTGAGE5US,0.3448275862069045,5/1-Year Adjustable Rate Mortgage Average in the United States (DISCONTINUED),W,%,NSA,2022-11-10 11:01:06-06,61,2005-01-06,NA
2020-08-27,2.91,MORTGAGE5US,0,5/1-Year Adjustable Rate Mortgage Average in the United States (DISCONTINUED),W,%,NSA,2022-11-10 11:01:06-06,61,2005-01-06,NA
2020-09-03,2.93,MORTGAGE5US,0.6872852233676982,5/1-Year Adjustable Rate Mortgage Average in the United States (DISCONTINUED),W,%,NSA,2022-11-10 11:01:06-06,61,2005-01-06,NA
2020-09-10,3.11,MORTGAGE5US,6.143344709897601,5/1-Year Adjustable Rate Mortgage Average in the United States (DISCONTINUED),W,%,NSA,2022-11-10 11:01:06-06,61,2005-01-06,NA
2020-09-17,2.96,MORTGAGE5US,-4.823151125401927,5/1-Year Adjustable Rate Mortgage Average in the United States (DISCONTINUED),W,%,NSA,2022-11-10 11:01:06-06,61,2005-01-06,NA
2020-09-24,2.9,MORTGAGE5US,-2.027027027027029,5/1-Year Adjustable Rate Mortgage Average in the United States (DISCONTINUED),W,%,NSA,2022-11-10 11:01:06-06,61,2005-01-06,NA
2020-10-01,2.9,MORTGAGE5US,0,5/1-Year Adjustable Rate Mortgage Average in the United States (DISCONTINUED),W,%,NSA,2022-11-10 11:01:06-06,61,2005-01-06,NA
2020-10-08,2.89,MORTGAGE5US,-0.3448275862068892,5/1-Year Adjustable Rate Mortgage Average in the United States (DISCONTINUED),W,%,NSA,2022-11-10 11:01:06-06,61,2005-01-06,NA
2020-10-15,2.9,MORTGAGE5US,0.34602076124566733,5/1-Year Adjustable Rate Mortgage Average in the United States (DISCONTINUED),W,%,NSA,2022-11-10 11:01:06-06,61,2005-01-06,NA
2020-10-22,2.87,MORTGAGE5US,-1.0344827586206828,5/1-Year Adjustable Rate Mortgage Average in the United States (DISCONTINUED),W,%,NSA,2022-11-10 11:01:06-06,61,2005-01-06,NA
2020-10-29,2.88,MORTGAGE5US,0.34843205574912145,5/1-Year Adjustable Rate Mortgage Average in the United States (DISCONTINUED),W,%,NSA,2022-11-10 11:01:06-06,61,2005-01-06,NA
2020-11-05,2.89,MORTGAGE5US,0.34722222222223026,5/1-Year Adjustable Rate Mortgage Average in the United States (DISCONTINUED),W,%,NSA,2022-11-10 11:01:06-06,61,2005-01-06,NA
2020-11-12,3.11,MORTGAGE5US,7.612456747404836,5/1-Year Adjustable Rate Mortgage Average in the United States (DISCONTINUED),W,%,NSA,2022-11-10 11:01:06-06,61,2005-01-06,NA
2020-11-19,2.85,MORTGAGE5US,-8.360128617363337,5/1-Year Adjustable Rate Mortgage Average in the United States (DISCONTINUED),W,%,NSA,2022-11-10 11:01:06-06,61,2005-01-06,NA
2020-11-25,3.16,MORTGAGE5US,10.877192982456142,5/1-Year Adjustable Rate Mortgage Average in the United States (DISCONTINUED),W,%,NSA,2022-11-10 11:01:06-06,61,2005-01-06,NA
2020-12-03,2.86,MORTGAGE5US,-9.493670886075957,5/1-Year Adjustable Rate Mortgage Average in the United States (DISCONTINUED),W,%,NSA,2022-11-10 11:01:06-06,61,2005-01-06,NA
2020-12-10,2.79,MORTGAGE5US,-2.447552447552442,5/1-Year Adjustable Rate Mortgage Average in the United States (DISCONTINUED),W,%,NSA,2022-11-10 11:01:06-06,61,2005-01-06,NA
2020-12-17,2.79,MORTGAGE5US,0,5/1-Year Adjustable Rate Mortgage Average in the United States (DISCONTINUED),W,%,NSA,2022-11-10 11:01:06-06,61,2005-01-06,NA
2020-12-24,2.79,MORTGAGE5US,0,5/1-Year Adjustable Rate Mortgage Average in the United States (DISCONTINUED),W,%,NSA,2022-11-10 11:01:06-06,61,2005-01-06,NA
2020-12-31,2.71,MORTGAGE5US,-2.8673835125448055,5/1-Year Adjustable Rate Mortgage Average in the United States (DISCONTINUED),W,%,NSA,2022-11-10 11:01:06-06,61,2005-01-06,NA
2021-01-07,2.75,MORTGAGE5US,1.4760147601476028,5/1-Year Adjustable Rate Mortgage Average in the United States (DISCONTINUED),W,%,NSA,2022-11-10 11:01:06-06,61,2005-01-06,NA
2021-01-14,3.12,MORTGAGE5US,13.454545454545459,5/1-Year Adjustable Rate Mortgage Average in the United States (DISCONTINUED),W,%,NSA,2022-11-10 11:01:06-06,61,2005-01-06,NA
2021-01-21,2.8,MORTGAGE5US,-10.256410256410266,5/1-Year Adjustable Rate Mortgage Average in the United States (DISCONTINUED),W,%,NSA,2022-11-10 11:01:06-06,61,2005-01-06,NA
2021-01-28,2.8,MORTGAGE5US,0,5/1-Year Adjustable Rate Mortgage Average in the United States (DISCONTINUED),W,%,NSA,2022-11-10 11:01:06-06,61,2005-01-06,NA
2021-02-04,2.78,MORTGAGE5US,-0.714285714285715,5/1-Year Adjustable Rate Mortgage Average in the United States (DISCONTINUED),W,%,NSA,2022-11-10 11:01:06-06,61,2005-01-06,NA
2021-02-11,2.79,MORTGAGE5US,0.3597122302158357,5/1-Year Adjustable Rate Mortgage Average in the United States (DISCONTINUED),W,%,NSA,2022-11-10 11:01:06-06,61,2005-01-06,NA
2021-02-18,2.77,MORTGAGE5US,-0.7168458781362014,5/1-Year Adjustable Rate Mortgage Average in the United States (DISCONTINUED),W,%,NSA,2022-11-10 11:01:06-06,61,2005-01-06,NA
2021-02-25,2.99,MORTGAGE5US,7.942238267148022,5/1-Year Adjustable Rate Mortgage Average in the United States (DISCONTINUED),W,%,NSA,2022-11-10 11:01:06-06,61,2005-01-06,NA
2021-03-04,2.73,MORTGAGE5US,-8.69565217391305,5/1-Year Adjustable Rate Mortgage Average in the United States (DISCONTINUED),W,%,NSA,2022-11-10 11:01:06-06,61,2005-01-06,NA
2021-03-11,2.77,MORTGAGE5US,1.4652014652014667,5/1-Year Adjustable Rate Mortgage Average in the United States (DISCONTINUED),W,%,NSA,2022-11-10 11:01:06-06,61,2005-01-06,NA
2021-03-18,2.79,MORTGAGE5US,0.7220216606498201,5/1-Year Adjustable Rate Mortgage Average in the United States (DISCONTINUED),W,%,NSA,2022-11-10 11:01:06-06,61,2005-01-06,NA
2021-03-25,2.84,MORTGAGE5US,1.7921146953404954,5/1-Year Adjustable Rate Mortgage Average in the United States (DISCONTINUED),W,%,NSA,2022-11-10 11:01:06-06,61,2005-01-06,NA
2021-04-01,2.84,MORTGAGE5US,0,5/1-Year Adjustable Rate Mortgage Average in the United States (DISCONTINUED),W,%,NSA,2022-11-10 11:01:06-06,61,2005-01-06,NA
2021-04-08,2.92,MORTGAGE5US,2.8169014084507067,5/1-Year Adjustable Rate Mortgage Average in the United States (DISCONTINUED),W,%,NSA,2022-11-10 11:01:06-06,61,2005-01-06,NA
2021-04-15,2.8,MORTGAGE5US,-4.109589041095894,5/1-Year Adjustable Rate Mortgage Average in the United States (DISCONTINUED),W,%,NSA,2022-11-10 11:01:06-06,61,2005-01-06,NA
2021-04-22,2.83,MORTGAGE5US,1.0714285714285805,5/1-Year Adjustable Rate Mortgage Average in the United States (DISCONTINUED),W,%,NSA,2022-11-10 11:01:06-06,61,2005-01-06,NA
2021-04-29,2.64,MORTGAGE5US,-6.713780918727913,5/1-Year Adjustable Rate Mortgage Average in the United States (DISCONTINUED),W,%,NSA,2022-11-10 11:01:06-06,61,2005-01-06,NA
2021-05-06,2.7,MORTGAGE5US,2.2727272727272747,5/1-Year Adjustable Rate Mortgage Average in the United States (DISCONTINUED),W,%,NSA,2022-11-10 11:01:06-06,61,2005-01-06,NA
2021-05-13,2.59,MORTGAGE5US,-4.074074074074085,5/1-Year Adjustable Rate Mortgage Average in the United States (DISCONTINUED),W,%,NSA,2022-11-10 11:01:06-06,61,2005-01-06,NA
2021-05-20,2.59,MORTGAGE5US,0,5/1-Year Adjustable Rate Mortgage Average in the United States (DISCONTINUED),W,%,NSA,2022-11-10 11:01:06-06,61,2005-01-06,NA
2021-05-27,2.59,MORTGAGE5US,0,5/1-Year Adjustable Rate Mortgage Average in the United States (DISCONTINUED),W,%,NSA,2022-11-10 11:01:06-06,61,2005-01-06,NA
2021-06-03,2.64,MORTGAGE5US,1.9305019305019409,5/1-Year Adjustable Rate Mortgage Average in the United States (DISCONTINUED),W,%,NSA,2022-11-10 11:01:06-06,61,2005-01-06,NA
2021-06-10,2.55,MORTGAGE5US,-3.4090909090909207,5/1-Year Adjustable Rate Mortgage Average in the United States (DISCONTINUED),W,%,NSA,2022-11-10 11:01:06-06,61,2005-01-06,NA
2021-06-17,2.52,MORTGAGE5US,-1.1764705882352864,5/1-Year Adjustable Rate Mortgage Average in the United States (DISCONTINUED),W,%,NSA,2022-11-10 11:01:06-06,61,2005-01-06,NA
2021-06-24,2.53,MORTGAGE5US,0.39682539682538837,5/1-Year Adjustable Rate Mortgage Average in the United States (DISCONTINUED),W,%,NSA,2022-11-10 11:01:06-06,61,2005-01-06,NA
2021-07-01,2.54,MORTGAGE5US,0.3952569169960566,5/1-Year Adjustable Rate Mortgage Average in the United States (DISCONTINUED),W,%,NSA,2022-11-10 11:01:06-06,61,2005-01-06,NA
2021-07-08,2.52,MORTGAGE5US,-0.7874015748031503,5/1-Year Adjustable Rate Mortgage Average in the United States (DISCONTINUED),W,%,NSA,2022-11-10 11:01:06-06,61,2005-01-06,NA
2021-07-15,2.47,MORTGAGE5US,-1.984126984126977,5/1-Year Adjustable Rate Mortgage Average in the United States (DISCONTINUED),W,%,NSA,2022-11-10 11:01:06-06,61,2005-01-06,NA
2021-07-22,2.49,MORTGAGE5US,0.8097165991902842,5/1-Year Adjustable Rate Mortgage Average in the United States (DISCONTINUED),W,%,NSA,2022-11-10 11:01:06-06,61,2005-01-06,NA
2021-07-29,2.45,MORTGAGE5US,-1.6064257028112463,5/1-Year Adjustable Rate Mortgage Average in the United States (DISCONTINUED),W,%,NSA,2022-11-10 11:01:06-06,61,2005-01-06,NA
2021-08-05,2.4,MORTGAGE5US,-2.040816326530623,5/1-Year Adjustable Rate Mortgage Average in the United States (DISCONTINUED),W,%,NSA,2022-11-10 11:01:06-06,61,2005-01-06,NA
2021-08-12,2.44,MORTGAGE5US,1.6666666666666683,5/1-Year Adjustable Rate Mortgage Average in the United States (DISCONTINUED),W,%,NSA,2022-11-10 11:01:06-06,61,2005-01-06,NA
2021-08-19,2.43,MORTGAGE5US,-0.40983606557376173,5/1-Year Adjustable Rate Mortgage Average in the United States (DISCONTINUED),W,%,NSA,2022-11-10 11:01:06-06,61,2005-01-06,NA
2021-08-26,2.42,MORTGAGE5US,-0.4115226337448655,5/1-Year Adjustable Rate Mortgage Average in the United States (DISCONTINUED),W,%,NSA,2022-11-10 11:01:06-06,61,2005-01-06,NA
2021-09-02,2.43,MORTGAGE5US,0.41322314049587733,5/1-Year Adjustable Rate Mortgage Average in the United States (DISCONTINUED),W,%,NSA,2022-11-10 11:01:06-06,61,2005-01-06,NA
2021-09-09,2.42,MORTGAGE5US,-0.4115226337448655,5/1-Year Adjustable Rate Mortgage Average in the United States (DISCONTINUED),W,%,NSA,2022-11-10 11:01:06-06,61,2005-01-06,NA
2021-09-16,2.51,MORTGAGE5US,3.7190082644628046,5/1-Year Adjustable Rate Mortgage Average in the United States (DISCONTINUED),W,%,NSA,2022-11-10 11:01:06-06,61,2005-01-06,NA
2021-09-23,2.43,MORTGAGE5US,-3.1872509960159214,5/1-Year Adjustable Rate Mortgage Average in the United States (DISCONTINUED),W,%,NSA,2022-11-10 11:01:06-06,61,2005-01-06,NA
2021-09-30,2.48,MORTGAGE5US,2.0576131687242727,5/1-Year Adjustable Rate Mortgage Average in the United States (DISCONTINUED),W,%,NSA,2022-11-10 11:01:06-06,61,2005-01-06,NA
2021-10-07,2.52,MORTGAGE5US,1.6129032258064528,5/1-Year Adjustable Rate Mortgage Average in the United States (DISCONTINUED),W,%,NSA,2022-11-10 11:01:06-06,61,2005-01-06,NA
2021-10-14,2.55,MORTGAGE5US,1.1904761904761827,5/1-Year Adjustable Rate Mortgage Average in the United States (DISCONTINUED),W,%,NSA,2022-11-10 11:01:06-06,61,2005-01-06,NA
2021-10-21,2.54,MORTGAGE5US,-0.3921568627450897,5/1-Year Adjustable Rate Mortgage Average in the United States (DISCONTINUED),W,%,NSA,2022-11-10 11:01:06-06,61,2005-01-06,NA
2021-10-28,2.56,MORTGAGE5US,0.7874015748031503,5/1-Year Adjustable Rate Mortgage Average in the United States (DISCONTINUED),W,%,NSA,2022-11-10 11:01:06-06,61,2005-01-06,NA
2021-11-04,2.54,MORTGAGE5US,-0.7812500000000007,5/1-Year Adjustable Rate Mortgage Average in the United States (DISCONTINUED),W,%,NSA,2022-11-10 11:01:06-06,61,2005-01-06,NA
2021-11-10,2.53,MORTGAGE5US,-0.39370078740158393,5/1-Year Adjustable Rate Mortgage Average in the United States (DISCONTINUED),W,%,NSA,2022-11-10 11:01:06-06,61,2005-01-06,NA
2021-11-18,2.49,MORTGAGE5US,-1.5810276679841737,5/1-Year Adjustable Rate Mortgage Average in the United States (DISCONTINUED),W,%,NSA,2022-11-10 11:01:06-06,61,2005-01-06,NA
2021-11-24,2.47,MORTGAGE5US,-0.8032128514056232,5/1-Year Adjustable Rate Mortgage Average in the United States (DISCONTINUED),W,%,NSA,2022-11-10 11:01:06-06,61,2005-01-06,NA
2021-12-02,2.49,MORTGAGE5US,0.8097165991902842,5/1-Year Adjustable Rate Mortgage Average in the United States (DISCONTINUED),W,%,NSA,2022-11-10 11:01:06-06,61,2005-01-06,NA
2021-12-09,2.45,MORTGAGE5US,-1.6064257028112463,5/1-Year Adjustable Rate Mortgage Average in the United States (DISCONTINUED),W,%,NSA,2022-11-10 11:01:06-06,61,2005-01-06,NA
2021-12-16,2.45,MORTGAGE5US,0,5/1-Year Adjustable Rate Mortgage Average in the United States (DISCONTINUED),W,%,NSA,2022-11-10 11:01:06-06,61,2005-01-06,NA
2021-12-23,2.37,MORTGAGE5US,-3.265306122448982,5/1-Year Adjustable Rate Mortgage Average in the United States (DISCONTINUED),W,%,NSA,2022-11-10 11:01:06-06,61,2005-01-06,NA
2021-12-30,2.41,MORTGAGE5US,1.6877637130801704,5/1-Year Adjustable Rate Mortgage Average in the United States (DISCONTINUED),W,%,NSA,2022-11-10 11:01:06-06,61,2005-01-06,NA
2022-01-06,2.41,MORTGAGE5US,0,5/1-Year Adjustable Rate Mortgage Average in the United States (DISCONTINUED),W,%,NSA,2022-11-10 11:01:06-06,61,2005-01-06,NA
2022-01-13,2.57,MORTGAGE5US,6.63900414937758,5/1-Year Adjustable Rate Mortgage Average in the United States (DISCONTINUED),W,%,NSA,2022-11-10 11:01:06-06,61,2005-01-06,NA
2022-01-20,2.6,MORTGAGE5US,1.1673151750972859,5/1-Year Adjustable Rate Mortgage Average in the United States (DISCONTINUED),W,%,NSA,2022-11-10 11:01:06-06,61,2005-01-06,NA
2022-01-27,2.7,MORTGAGE5US,3.8461538461538494,5/1-Year Adjustable Rate Mortgage Average in the United States (DISCONTINUED),W,%,NSA,2022-11-10 11:01:06-06,61,2005-01-06,NA
2022-02-03,2.71,MORTGAGE5US,0.37037037037036247,5/1-Year Adjustable Rate Mortgage Average in the United States (DISCONTINUED),W,%,NSA,2022-11-10 11:01:06-06,61,2005-01-06,NA
2022-02-10,2.8,MORTGAGE5US,3.321033210332098,5/1-Year Adjustable Rate Mortgage Average in the United States (DISCONTINUED),W,%,NSA,2022-11-10 11:01:06-06,61,2005-01-06,NA
2022-02-17,2.98,MORTGAGE5US,6.428571428571435,5/1-Year Adjustable Rate Mortgage Average in the United States (DISCONTINUED),W,%,NSA,2022-11-10 11:01:06-06,61,2005-01-06,NA
2022-02-24,2.98,MORTGAGE5US,0,5/1-Year Adjustable Rate Mortgage Average in the United States (DISCONTINUED),W,%,NSA,2022-11-10 11:01:06-06,61,2005-01-06,NA
2022-03-03,2.91,MORTGAGE5US,-2.3489932885905986,5/1-Year Adjustable Rate Mortgage Average in the United States (DISCONTINUED),W,%,NSA,2022-11-10 11:01:06-06,61,2005-01-06,NA
2022-03-10,2.97,MORTGAGE5US,2.0618556701030943,5/1-Year Adjustable Rate Mortgage Average in the United States (DISCONTINUED),W,%,NSA,2022-11-10 11:01:06-06,61,2005-01-06,NA
2022-03-17,3.19,MORTGAGE5US,7.407407407407399,5/1-Year Adjustable Rate Mortgage Average in the United States (DISCONTINUED),W,%,NSA,2022-11-10 11:01:06-06,61,2005-01-06,NA
2022-03-24,3.36,MORTGAGE5US,5.329153605015672,5/1-Year Adjustable Rate Mortgage Average in the United States (DISCONTINUED),W,%,NSA,2022-11-10 11:01:06-06,61,2005-01-06,NA
2022-03-31,3.5,MORTGAGE5US,4.1666666666666705,5/1-Year Adjustable Rate Mortgage Average in the United States (DISCONTINUED),W,%,NSA,2022-11-10 11:01:06-06,61,2005-01-06,NA
2022-04-07,3.56,MORTGAGE5US,1.7142857142857157,5/1-Year Adjustable Rate Mortgage Average in the United States (DISCONTINUED),W,%,NSA,2022-11-10 11:01:06-06,61,2005-01-06,NA
2022-04-14,3.69,MORTGAGE5US,3.651685393258424,5/1-Year Adjustable Rate Mortgage Average in the United States (DISCONTINUED),W,%,NSA,2022-11-10 11:01:06-06,61,2005-01-06,NA
2022-04-21,3.75,MORTGAGE5US,1.6260162601626031,5/1-Year Adjustable Rate Mortgage Average in the United States (DISCONTINUED),W,%,NSA,2022-11-10 11:01:06-06,61,2005-01-06,NA
2022-04-28,3.78,MORTGAGE5US,0.7999999999999948,5/1-Year Adjustable Rate Mortgage Average in the United States (DISCONTINUED),W,%,NSA,2022-11-10 11:01:06-06,61,2005-01-06,NA
2022-05-05,3.96,MORTGAGE5US,4.761904761904766,5/1-Year Adjustable Rate Mortgage Average in the United States (DISCONTINUED),W,%,NSA,2022-11-10 11:01:06-06,61,2005-01-06,NA
2022-05-12,3.98,MORTGAGE5US,0.5050505050505055,5/1-Year Adjustable Rate Mortgage Average in the United States (DISCONTINUED),W,%,NSA,2022-11-10 11:01:06-06,61,2005-01-06,NA
2022-05-19,4.08,MORTGAGE5US,2.5125628140703538,5/1-Year Adjustable Rate Mortgage Average in the United States (DISCONTINUED),W,%,NSA,2022-11-10 11:01:06-06,61,2005-01-06,NA
2022-05-26,4.2,MORTGAGE5US,2.9411764705882377,5/1-Year Adjustable Rate Mortgage Average in the United States (DISCONTINUED),W,%,NSA,2022-11-10 11:01:06-06,61,2005-01-06,NA
2022-06-02,4.04,MORTGAGE5US,-3.809523809523813,5/1-Year Adjustable Rate Mortgage Average in the United States (DISCONTINUED),W,%,NSA,2022-11-10 11:01:06-06,61,2005-01-06,NA
2022-06-09,4.12,MORTGAGE5US,1.980198019801982,5/1-Year Adjustable Rate Mortgage Average in the United States (DISCONTINUED),W,%,NSA,2022-11-10 11:01:06-06,61,2005-01-06,NA
2022-06-16,4.33,MORTGAGE5US,5.097087378640776,5/1-Year Adjustable Rate Mortgage Average in the United States (DISCONTINUED),W,%,NSA,2022-11-10 11:01:06-06,61,2005-01-06,NA
2022-06-23,4.41,MORTGAGE5US,1.8475750577367223,5/1-Year Adjustable Rate Mortgage Average in the United States (DISCONTINUED),W,%,NSA,2022-11-10 11:01:06-06,61,2005-01-06,NA
2022-06-30,4.5,MORTGAGE5US,2.040816326530609,5/1-Year Adjustable Rate Mortgage Average in the United States (DISCONTINUED),W,%,NSA,2022-11-10 11:01:06-06,61,2005-01-06,NA
2022-07-07,4.19,MORTGAGE5US,-6.88888888888888,5/1-Year Adjustable Rate Mortgage Average in the United States (DISCONTINUED),W,%,NSA,2022-11-10 11:01:06-06,61,2005-01-06,NA
2022-07-14,4.35,MORTGAGE5US,3.818615751789958,5/1-Year Adjustable Rate Mortgage Average in the United States (DISCONTINUED),W,%,NSA,2022-11-10 11:01:06-06,61,2005-01-06,NA
2022-07-21,4.31,MORTGAGE5US,-0.9195402298850583,5/1-Year Adjustable Rate Mortgage Average in the United States (DISCONTINUED),W,%,NSA,2022-11-10 11:01:06-06,61,2005-01-06,NA
2022-07-28,4.29,MORTGAGE5US,-0.46403712296982774,5/1-Year Adjustable Rate Mortgage Average in the United States (DISCONTINUED),W,%,NSA,2022-11-10 11:01:06-06,61,2005-01-06,NA
2022-08-04,4.25,MORTGAGE5US,-0.9324009324009332,5/1-Year Adjustable Rate Mortgage Average in the United States (DISCONTINUED),W,%,NSA,2022-11-10 11:01:06-06,61,2005-01-06,NA
2022-08-11,4.43,MORTGAGE5US,4.235294117647053,5/1-Year Adjustable Rate Mortgage Average in the United States (DISCONTINUED),W,%,NSA,2022-11-10 11:01:06-06,61,2005-01-06,NA
2022-08-18,4.39,MORTGAGE5US,-0.9029345372460504,5/1-Year Adjustable Rate Mortgage Average in the United States (DISCONTINUED),W,%,NSA,2022-11-10 11:01:06-06,61,2005-01-06,NA
2022-08-25,4.36,MORTGAGE5US,-0.6833712984054525,5/1-Year Adjustable Rate Mortgage Average in the United States (DISCONTINUED),W,%,NSA,2022-11-10 11:01:06-06,61,2005-01-06,NA
2022-09-01,4.51,MORTGAGE5US,3.440366972477052,5/1-Year Adjustable Rate Mortgage Average in the United States (DISCONTINUED),W,%,NSA,2022-11-10 11:01:06-06,61,2005-01-06,NA
2022-09-08,4.64,MORTGAGE5US,2.882483370288246,5/1-Year Adjustable Rate Mortgage Average in the United States (DISCONTINUED),W,%,NSA,2022-11-10 11:01:06-06,61,2005-01-06,NA
2022-09-15,4.93,MORTGAGE5US,6.250000000000002,5/1-Year Adjustable Rate Mortgage Average in the United States (DISCONTINUED),W,%,NSA,2022-11-10 11:01:06-06,61,2005-01-06,NA
2022-09-22,4.97,MORTGAGE5US,0.811359026369169,5/1-Year Adjustable Rate Mortgage Average in the United States (DISCONTINUED),W,%,NSA,2022-11-10 11:01:06-06,61,2005-01-06,NA
2022-09-29,5.3,MORTGAGE5US,6.639839034205234,5/1-Year Adjustable Rate Mortgage Average in the United States (DISCONTINUED),W,%,NSA,2022-11-10 11:01:06-06,61,2005-01-06,NA
2022-10-06,5.36,MORTGAGE5US,1.1320754716981227,5/1-Year Adjustable Rate Mortgage Average in the United States (DISCONTINUED),W,%,NSA,2022-11-10 11:01:06-06,61,2005-01-06,NA
2022-10-13,5.81,MORTGAGE5US,8.395522388059689,5/1-Year Adjustable Rate Mortgage Average in the United States (DISCONTINUED),W,%,NSA,2022-11-10 11:01:06-06,61,2005-01-06,NA
2022-10-20,5.71,MORTGAGE5US,-1.721170395869185,5/1-Year Adjustable Rate Mortgage Average in the United States (DISCONTINUED),W,%,NSA,2022-11-10 11:01:06-06,61,2005-01-06,NA
2022-10-27,5.96,MORTGAGE5US,4.378283712784588,5/1-Year Adjustable Rate Mortgage Average in the United States (DISCONTINUED),W,%,NSA,2022-11-10 11:01:06-06,61,2005-01-06,NA
2022-11-03,5.95,MORTGAGE5US,-0.1677852348993253,5/1-Year Adjustable Rate Mortgage Average in the United States (DISCONTINUED),W,%,NSA,2022-11-10 11:01:06-06,61,2005-01-06,NA
2022-11-10,6.06,MORTGAGE5US,1.8487394957983097,5/1-Year Adjustable Rate Mortgage Average in the United States (DISCONTINUED),W,%,NSA,2022-11-10 11:01:06-06,61,2005-01-06,NA
